card_id,No,characteristic_id,manually_added
1,1,1,
2,1,15,
2,2,26,
2,3,18,
3,1,37,
3,2,50,
3,3,41,
4,1,25,
4,2,14,
4,3,28,
4,4,42,
5,1,3,
5,2,39,
5,3,5,
5,4,52,
6,1,49,
6,2,54,
6,3,16,
6,4,56,
7,1,2,
8,1,38,
8,2,13,
8,3,42,
9,1,51,
9,2,26,
9,3,52,
10,1,14,
10,2,49,
10,3,17,
10,4,40,
11,1,27,
11,2,39,
11,3,28,
11,4,54,
12,1,1,
12,2,6,
12,3,29,
12,4,7,
13,1,38,
14,1,27,
14,2,50,
14,3,30,
15,1,3,
15,2,37,
15,3,4,
16,1,49,
16,2,2,
16,3,53,
16,4,29,
17,1,15,
17,2,25,
17,3,16,
17,4,42,
18,1,26,
18,2,28,
18,3,6,
18,4,32,
19,1,25,
20,1,51,
20,2,37,
20,3,53,
21,1,27,
21,2,15,
21,3,30,
22,1,2,
22,2,50,
22,3,5,
22,4,18,
23,1,38,
23,2,1,
23,3,40,
23,4,6,
24,1,14,
24,2,16,
24,3,54,
24,4,19,
25,1,13,
26,1,1,
26,2,25,
26,3,4,
27,1,14,
27,2,39,
27,3,18,
28,1,51,
28,2,14,
28,3,52,
28,4,30,
29,1,26,
29,2,2,
29,3,29,
29,4,17,
30,1,38,
30,2,40,
30,3,54,
30,4,43,
31,1,49,
32,1,25,
32,2,13,
32,3,28,
33,1,37,
33,2,2,
33,3,41,
34,1,39,
34,2,27,
34,3,42,
34,4,18,
35,1,1,
35,2,51,
35,3,4,
35,4,30,
36,1,15,
36,2,17,
36,3,54,
36,4,21,
37,1,50,
38,1,27,
38,2,13,
38,3,29,
39,1,3,
39,2,39,
39,3,6,
40,1,37,
40,2,15,
40,3,41,
40,4,54,
41,1,14,
41,2,25,
41,3,18,
41,4,40,
42,1,51,
42,2,52,
42,3,5,
42,4,56,
43,1,15,
44,1,37,
44,2,49,
44,3,41,
45,1,13,
45,2,26,
45,3,17,
46,1,3,
46,2,50,
46,3,6,
46,4,42,
47,1,51,
47,2,39,
47,3,54,
47,4,5,
48,1,25,
48,2,30,
48,3,16,
48,4,33,
49,1,1,
50,1,49,
50,2,25,
50,3,54,
51,1,14,
51,2,37,
51,3,17,
52,1,27,
52,2,2,
52,3,30,
52,4,41,
53,1,51,
53,2,39,
53,3,53,
53,4,6,
54,1,38,
54,2,40,
54,3,18,
54,4,44,
55,1,1,
56,1,50,
56,2,15,
56,3,52,
57,1,2,
57,2,25,
57,3,5,
58,1,37,
58,2,27,
58,3,42,
58,4,53,
59,1,13,
59,2,49,
59,3,18,
59,4,29,
60,1,26,
60,2,28,
60,3,40,
60,4,32,
61,1,37,
62,1,3,
62,2,27,
62,3,5,
63,1,50,
63,2,2,
63,3,54,
64,1,27,
64,2,49,
64,3,30,
64,4,40,
65,1,14,
65,2,25,
65,3,18,
65,4,53,
66,1,39,
66,2,41,
66,3,4,
66,4,45,
67,1,38,
68,1,13,
68,2,25,
68,3,17,
69,1,49,
69,2,2,
69,3,53,
70,1,27,
70,2,37,
70,3,29,
70,4,6,
71,1,1,
71,2,15,
71,3,4,
71,4,42,
72,1,50,
72,2,52,
72,3,16,
72,4,55,
73,1,14,
74,1,26,
74,2,38,
74,3,29,
75,1,39,
75,2,3,
75,3,42,
76,1,13,
76,2,49,
76,3,16,
76,4,4,
77,1,50,
77,2,1,
77,3,52,
77,4,41,
78,1,2,
78,2,5,
78,3,40,
78,4,9,
79,1,14,
80,1,2,
80,2,25,
80,3,5,
81,1,50,
81,2,39,
81,3,53,
82,1,26,
82,2,15,
82,3,30,
82,4,16,
83,1,38,
83,2,3,
83,3,42,
83,4,52,
84,1,37,
84,2,40,
84,3,4,
84,4,43,
85,1,13,
86,1,25,
86,2,37,
86,3,28,
87,1,39,
87,2,2,
87,3,41,
88,1,3,
88,2,51,
88,3,6,
88,4,29,
89,1,49,
89,2,27,
89,3,53,
89,4,5,
90,1,15,
90,2,16,
90,3,52,
90,4,8,
91,1,27,
92,1,51,
92,2,26,
92,3,52,
93,1,37,
93,2,2,
93,3,40,
94,1,14,
94,2,3,
94,3,17,
94,4,30,
95,1,39,
95,2,15,
95,3,42,
95,4,5,
96,1,1,
96,2,4,
96,3,16,
96,4,7,
97,1,51,
98,1,2,
98,2,37,
98,3,5,
99,1,13,
99,2,26,
99,3,16,
100,1,38,
100,2,15,
100,3,41,
100,4,52,
101,1,27,
101,2,3,
101,3,29,
101,4,4,
102,1,49,
102,2,54,
102,3,28,
102,4,56,
103,1,49,
104,1,3,
104,2,15,
104,3,6,
105,1,25,
105,2,39,
105,3,28,
106,1,50,
106,2,14,
106,3,53,
106,4,41,
107,1,13,
107,2,2,
107,3,17,
107,4,4,
108,1,37,
108,2,42,
108,3,29,
108,4,44,
109,1,27,
110,1,15,
110,2,1,
110,3,17,
111,1,39,
111,2,50,
111,3,40,
112,1,2,
112,2,37,
112,3,6,
112,4,16,
113,1,51,
113,2,13,
113,3,54,
113,4,29,
114,1,25,
114,2,28,
114,3,41,
114,4,32,
115,1,37,
116,1,13,
116,2,49,
116,3,18,
117,1,26,
117,2,38,
117,3,30,
118,1,3,
118,2,50,
118,3,4,
118,4,42,
119,1,25,
119,2,51,
119,3,29,
119,4,52,
120,1,15,
120,2,16,
120,3,40,
120,4,20,
121,1,26,
122,1,51,
122,2,14,
122,3,53,
123,1,1,
123,2,39,
123,3,4,
124,1,37,
124,2,13,
124,3,40,
124,4,28,
125,1,15,
125,2,25,
125,3,16,
125,4,41,
126,1,2,
126,2,5,
126,3,54,
126,4,9,
127,1,3,
127,2,4,
127,3,18,
127,4,8,
128,1,25,
128,2,29,
128,3,41,
128,4,31,
129,1,15,
129,2,16,
129,3,41,
129,4,104,
130,1,2,
130,2,6,
130,3,53,
130,4,104,
131,1,14,
131,2,18,
131,3,4,
131,4,104,
132,1,39,
132,2,40,
132,3,17,
132,4,104,
133,1,1,
133,2,26,
133,3,6,
133,4,17,
134,1,37,
134,2,3,
134,3,41,
134,4,53,
135,1,2,
135,2,51,
135,3,4,
136,1,15,
136,2,27,
136,3,18,
137,1,25,
137,2,107,
137,3,30,
137,4,31,
138,1,51,
138,2,107,
138,3,54,
138,4,55,
139,1,1,
139,2,107,
139,3,5,
139,4,9,
140,1,3,
140,2,107,
140,3,4,
140,4,7,
141,1,27,
141,2,49,
141,3,25,
141,4,107,
142,1,51,
142,2,3,
142,3,54,
142,4,107,
143,1,50,
143,2,1,
143,3,52,
144,1,3,
144,2,27,
144,3,5,
145,1,14,
145,2,17,
145,3,52,
145,4,19,
356,1,1,
356,2,26,
356,3,6,
146,1,39,
146,2,111,
146,3,40,
146,4,43,
147,1,51,
147,2,111,
147,3,53,
147,4,55,
148,1,13,
148,2,111,
148,3,16,
148,4,21,
149,1,49,
149,2,111,
149,3,54,
149,4,57,
150,1,14,
150,2,37,
150,3,18,
150,4,111,
151,1,37,
151,2,49,
151,3,40,
151,4,111,
152,1,50,
152,2,13,
152,3,53,
153,1,15,
153,2,38,
153,3,18,
154,1,39,
154,2,50,
154,3,42,
155,1,27,
155,2,114,
155,3,30,
155,4,31,
156,1,39,
156,2,114,
156,3,41,
156,4,43,
157,1,25,
157,2,114,
157,3,29,
157,4,32,
158,1,15,
158,2,114,
158,3,16,
158,4,21,
159,1,13,
159,2,25,
159,3,16,
159,4,114,
160,1,27,
160,2,37,
160,3,29,
160,4,114,
161,1,13,
161,2,51,
161,3,17,
162,1,37,
162,2,3,
162,3,42,
163,1,14,
163,2,17,
163,3,29,
163,4,21,
164,1,26,
164,2,28,
164,3,41,
164,4,32,
165,1,1,
165,2,119,
165,3,6,
165,4,7,
166,1,27,
166,2,119,
166,3,28,
166,4,31,
167,1,3,
167,2,119,
167,3,5,
167,4,7,
168,1,52,
168,2,119,
168,3,54,
168,4,57,
169,1,25,
169,2,119,
169,3,28,
169,4,33,
170,1,1,
170,2,14,
170,3,6,
170,4,119,
171,1,50,
171,2,1,
171,3,52,
171,4,119,
172,1,51,
172,2,38,
172,3,54,
173,1,25,
173,2,3,
173,3,30,
174,1,38,
174,2,122,
174,3,42,
174,4,43,
175,1,49,
175,2,122,
175,3,53,
175,4,56,
176,1,2,
176,2,122,
176,3,6,
176,4,9,
177,1,39,
177,2,122,
177,3,40,
177,4,45,
178,1,49,
178,2,26,
178,3,53,
178,4,122,
179,1,2,
179,2,50,
179,3,5,
179,4,122,
180,1,37,
180,2,13,
180,3,40,
181,1,1,
181,2,26,
181,3,6,
182,1,38,
182,2,41,
182,3,54,
182,4,44,
183,1,1,
183,2,4,
183,3,30,
183,4,9,
184,1,51,
184,2,126,
184,3,53,
184,4,56,
185,1,26,
185,2,126,
185,3,29,
185,4,33,
186,1,13,
186,2,126,
186,3,16,
186,4,21,
187,1,14,
187,2,3,
187,3,18,
187,4,126,
188,1,51,
188,2,25,
188,3,52,
188,4,126,
189,1,26,
189,2,50,
189,3,29,
189,4,126,
190,1,25,
190,2,14,
190,3,28,
191,1,15,
191,2,39,
191,3,18,
192,1,26,
192,2,128,
192,3,29,
192,4,33,
193,1,2,
193,2,128,
193,3,4,
193,4,7,
194,1,14,
194,2,128,
194,3,18,
194,4,19,
195,1,14,
195,2,3,
195,3,16,
195,4,128,
196,1,27,
196,2,49,
196,3,29,
196,4,128,
197,1,2,
197,2,50,
197,3,4,
197,4,128,
198,1,27,
198,2,39,
198,3,28,
199,1,13,
199,2,49,
199,3,18,
200,1,50,
200,2,52,
200,3,17,
200,4,55,
201,1,25,
201,2,30,
201,3,42,
201,4,31,
202,1,27,
202,2,134,
202,3,30,
202,4,33,
203,1,39,
203,2,134,
203,3,40,
203,4,43,
204,1,2,
204,2,134,
204,3,6,
204,4,8,
205,1,3,
205,2,38,
205,3,6,
205,4,134,
206,1,39,
206,2,13,
206,3,40,
206,4,134,
207,1,25,
207,2,37,
207,3,28,
207,4,134,
208,1,38,
208,2,15,
208,3,41,
209,1,26,
209,2,38,
209,3,30,
210,1,1,
210,2,50,
210,3,6,
211,1,26,
211,2,136,
211,3,28,
211,4,31,
212,1,49,
212,2,136,
212,3,53,
212,4,55,
213,1,14,
213,2,136,
213,3,17,
213,4,20,
214,1,14,
214,2,38,
214,3,17,
214,4,136,
215,1,49,
215,2,13,
215,3,53,
215,4,136,
216,1,27,
216,2,37,
216,3,29,
216,4,136,
217,1,26,
217,2,13,
217,3,28,
218,1,50,
218,2,38,
218,3,54,
219,1,15,
219,2,17,
219,3,41,
219,4,19,
220,1,38,
220,2,42,
220,3,52,
220,4,43,
221,1,51,
221,2,53,
221,3,4,
221,4,56,
222,1,38,
222,2,141,
222,3,40,
222,4,44,
223,1,50,
223,2,141,
223,3,52,
223,4,57,
224,1,2,
224,2,141,
224,3,4,
224,4,7,
225,1,3,
225,2,37,
225,3,5,
225,4,141,
226,1,37,
226,2,15,
226,3,42,
226,4,141,
227,1,51,
227,2,26,
227,3,52,
227,4,141,
228,1,37,
228,2,51,
228,3,40,
229,1,3,
229,2,15,
229,3,4,
230,1,1,
230,2,143,
230,3,4,
230,4,9,
231,1,15,
231,2,143,
231,3,17,
231,4,21,
232,1,39,
232,2,143,
232,3,41,
232,4,43,
233,1,15,
233,2,51,
233,3,17,
233,4,143,
234,1,39,
234,2,25,
234,3,40,
234,4,143,
235,1,2,
235,2,14,
235,3,4,
235,4,143,
236,1,13,
236,2,38,
236,3,18,
237,1,38,
237,2,49,
237,3,41,
238,1,25,
238,2,29,
238,3,42,
238,4,32,
239,1,50,
239,2,52,
239,3,30,
239,4,57,
240,1,50,
240,2,147,
240,3,52,
240,4,56,
241,1,14,
241,2,147,
241,3,16,
241,4,21,
242,1,26,
242,2,147,
242,3,28,
242,4,31,
243,1,50,
243,2,13,
243,3,53,
243,4,147,
244,1,26,
244,2,1,
244,3,29,
244,4,147,
245,1,14,
245,2,37,
245,3,16,
245,4,147,
246,1,13,
246,2,3,
246,3,17,
247,1,49,
247,2,27,
247,3,53,
248,1,50,
248,2,149,
248,3,52,
248,4,55,
249,1,2,
249,2,149,
249,3,6,
249,4,7,
250,1,38,
250,2,149,
250,3,41,
250,4,45,
251,1,50,
251,2,2,
251,3,52,
251,4,149,
252,1,3,
252,2,50,
252,3,6,
252,4,149,
253,1,38,
253,2,51,
253,3,41,
253,4,149,
254,1,37,
254,2,15,
254,3,40,
255,1,2,
255,2,50,
255,3,4,
256,1,13,
256,2,18,
256,3,5,
256,4,19,
257,1,27,
257,2,152,
257,3,30,
257,4,32,
258,1,39,
258,2,152,
258,3,42,
258,4,44,
259,1,49,
259,2,152,
259,3,54,
259,4,57,
260,1,26,
260,2,15,
260,3,28,
260,4,152,
261,1,49,
261,2,1,
261,3,52,
261,4,152,
262,1,39,
262,2,51,
262,3,40,
262,4,152,
263,1,27,
263,2,49,
263,3,30,
264,1,37,
264,2,13,
264,3,54,
265,1,15,
265,2,154,
265,3,17,
265,4,21,
266,1,3,
266,2,154,
266,3,4,
266,4,9,
267,1,25,
267,2,154,
267,3,29,
267,4,31,
268,1,15,
268,2,38,
268,3,17,
268,4,154,
269,1,25,
269,2,49,
269,3,29,
269,4,154,
270,1,3,
270,2,37,
270,3,4,
270,4,154,
271,1,1,
271,2,14,
271,3,5,
272,1,27,
272,2,51,
272,3,28,
273,1,37,
273,2,42,
273,3,52,
273,4,45,
274,1,25,
274,2,157,
274,3,30,
274,4,32,
275,1,2,
275,2,157,
275,3,4,
275,4,9,
276,1,38,
276,2,157,
276,3,40,
276,4,45,
277,1,3,
277,2,14,
277,3,4,
277,4,157,
278,1,25,
278,2,13,
278,3,30,
278,4,157,
279,1,38,
279,2,15,
279,3,40,
279,4,157,
280,1,39,
280,2,51,
280,3,42,
281,1,25,
281,2,38,
281,3,28,
282,1,3,
282,2,49,
282,3,5,
283,1,13,
283,2,159,
283,3,18,
283,4,20,
284,1,26,
284,2,159,
284,3,30,
284,4,31,
285,1,37,
285,2,159,
285,3,41,
285,4,45,
286,1,13,
286,2,51,
286,3,18,
286,4,159,
287,1,26,
287,2,14,
287,3,30,
287,4,159,
288,1,37,
288,2,13,
288,3,41,
288,4,159,
289,1,14,
289,2,26,
289,3,16,
290,1,25,
290,2,1,
290,3,29,
291,1,38,
291,2,40,
291,3,17,
291,4,44,
292,1,49,
292,2,162,
292,3,54,
292,4,55,
293,1,13,
293,2,162,
293,3,18,
293,4,19,
294,1,38,
294,2,162,
294,3,42,
294,4,45,
295,1,49,
295,2,27,
295,3,54,
295,4,162,
296,1,38,
296,2,1,
296,3,42,
296,4,162,
297,1,13,
297,2,49,
297,3,18,
297,4,162,
298,1,50,
298,2,39,
298,3,52,
299,1,15,
299,2,38,
299,3,17,
300,1,1,
300,2,164,
300,3,6,
300,4,7,
301,1,15,
301,2,164,
301,3,17,
301,4,20,
302,1,50,
302,2,164,
302,3,54,
302,4,55,
303,1,1,
303,2,26,
303,3,6,
303,4,164,
304,1,50,
304,2,2,
304,3,54,
304,4,164,
305,1,15,
305,2,27,
305,3,17,
305,4,164,
306,1,14,
306,2,51,
306,3,16,
307,1,51,
307,2,39,
307,3,52,
308,1,3,
308,2,5,
308,3,42,
308,4,8,
309,1,37,
309,2,41,
309,3,17,
309,4,44,
310,1,27,
310,2,169,
310,3,28,
310,4,31,
311,1,2,
311,2,169,
311,3,4,
311,4,8,
312,1,51,
312,2,169,
312,3,53,
312,4,56,
313,1,2,
313,2,49,
313,3,4,
313,4,169,
314,1,27,
314,2,2,
314,3,28,
314,4,169,
315,1,51,
315,2,25,
315,3,53,
315,4,169,
316,1,3,
316,2,37,
316,3,6,
317,1,25,
317,2,51,
317,3,30,
318,1,13,
318,2,171,
318,3,16,
318,4,21,
319,1,37,
319,2,171,
319,3,40,
319,4,44,
320,1,3,
320,2,171,
320,3,5,
320,4,8,
321,1,13,
321,2,3,
321,3,16,
321,4,171,
322,1,37,
322,2,13,
322,3,40,
322,4,171,
323,1,3,
323,2,27,
323,3,5,
323,4,171,
324,1,15,
324,2,3,
324,3,18,
325,1,1,
325,2,37,
325,3,6,
326,1,15,
326,2,18,
326,3,28,
326,4,19,
327,1,1,
327,2,5,
327,3,16,
327,4,8,
328,1,15,
328,2,175,
328,3,18,
328,4,21,
329,1,39,
329,2,175,
329,3,42,
329,4,43,
330,1,27,
330,2,175,
330,3,29,
330,4,33,
331,1,15,
331,2,49,
331,3,18,
331,4,175,
332,1,27,
332,2,15,
332,3,29,
332,4,175,
333,1,39,
333,2,27,
333,3,42,
333,4,175,
334,1,14,
334,2,50,
334,3,16,
335,1,26,
335,2,15,
335,3,30,
336,1,37,
336,2,1,
336,3,41,
357,1,182,
357,2,16,
357,3,52,
357,4,186,
358,1,200,
358,2,53,
358,3,189,
358,4,56,
359,1,15,
359,2,184,
359,3,40,
359,4,186,
360,1,27,
360,2,190,
360,3,178,
360,4,32,
361,1,200,
361,2,201,
361,3,6,
361,4,204,
362,1,39,
362,2,195,
362,3,184,
362,4,44,
363,1,25,
363,2,30,
363,3,40,
363,4,192,
364,1,194,
364,2,40,
364,3,201,
364,4,45,
365,1,3,
365,2,177,
365,3,30,
365,4,179,
366,1,49,
366,2,53,
366,3,5,
366,4,57,
367,1,38,
367,2,196,
367,3,177,
367,4,43,
368,1,176,
368,2,5,
368,3,16,
368,4,180,
369,1,13,
369,2,17,
369,3,196,
369,4,185,
370,1,1,
370,2,178,
370,3,196,
370,4,9,
371,1,188,
371,2,28,
371,3,183,
371,4,32,
372,1,50,
372,2,202,
372,3,4,
372,4,203,
373,1,26,
373,2,189,
373,3,195,
373,4,191,
374,1,194,
374,2,40,
374,3,5,
374,4,197,
375,1,14,
375,2,183,
375,3,190,
375,4,20,
376,1,200,
376,2,53,
376,3,184,
376,4,56,
377,1,176,
377,2,5,
377,3,202,
377,4,7,
378,1,26,
378,2,190,
378,3,4,
378,4,192,
379,1,182,
379,2,17,
379,3,52,
379,4,185,
380,1,51,
380,2,219,
380,3,54,
380,4,204,
381,1,182,
381,2,219,
381,3,183,
381,4,19,
382,1,37,
382,2,219,
382,3,41,
382,4,44,
383,1,51,
383,2,188,
383,3,54,
383,4,219,
384,1,182,
384,2,26,
384,3,183,
384,4,219,
385,1,37,
385,2,182,
385,3,41,
385,4,219,
386,1,200,
386,2,14,
386,3,201,
387,1,194,
387,2,182,
387,3,195,
388,1,176,
388,2,221,
388,3,178,
388,4,8,
389,1,14,
389,2,221,
389,3,183,
389,4,186,
390,1,49,
390,2,221,
390,3,52,
390,4,57,
391,1,176,
391,2,25,
391,3,178,
391,4,221,
392,1,14,
392,2,176,
392,3,183,
392,4,221,
393,1,49,
393,2,2,
393,3,52,
393,4,221,
394,1,200,
394,2,14,
394,3,202,
395,1,1,
395,2,50,
395,3,5,
396,1,188,
396,2,30,
396,3,41,
396,4,31,
397,1,176,
397,2,178,
397,3,203,
397,4,179,
398,1,200,
398,2,202,
398,3,195,
398,4,204,
399,1,176,
399,2,177,
399,3,184,
399,4,180,
400,1,182,
400,2,183,
400,3,196,
400,4,185,
401,1,3,
401,2,224,
401,3,178,
401,4,179,
402,1,25,
402,2,224,
402,3,29,
402,4,191,
403,1,37,
403,2,224,
403,3,195,
403,4,45,
404,1,25,
404,2,13,
404,3,29,
404,4,224,
405,1,37,
405,2,1,
405,3,195,
405,4,224,
406,1,3,
406,2,37,
406,3,178,
406,4,224,
407,1,176,
407,2,37,
407,3,4,
408,1,188,
408,2,14,
408,3,190,
409,1,51,
409,2,226,
409,3,201,
409,4,57,
410,1,194,
410,2,226,
410,3,196,
410,4,198,
411,1,176,
411,2,226,
411,3,6,
411,4,180,
412,1,51,
412,2,182,
412,3,201,
412,4,226,
413,1,194,
413,2,50,
413,3,196,
413,4,226,
414,1,176,
414,2,51,
414,3,6,
414,4,226,
415,1,200,
415,2,2,
415,3,52,
416,1,39,
416,2,1,
416,3,41,
417,1,1,
417,2,51,
417,3,177,
418,1,176,
418,2,6,
418,3,17,
418,4,8,
419,1,50,
419,2,53,
419,3,177,
419,4,57,
420,1,26,
420,2,230,
420,3,189,
420,4,33,
421,1,38,
421,2,230,
421,3,195,
421,4,197,
422,1,14,
422,2,230,
422,3,184,
422,4,186,
423,1,26,
423,2,38,
423,3,189,
423,4,230,
424,1,14,
424,2,39,
424,3,184,
424,4,230,
425,1,38,
425,2,182,
425,3,195,
425,4,230,
426,1,194,
426,2,25,
426,3,42,
427,1,188,
427,2,38,
427,3,190,
428,1,50,
428,2,232,
428,3,202,
428,4,55,
429,1,2,
429,2,232,
429,3,6,
429,4,180,
430,1,25,
430,2,232,
430,3,189,
430,4,192,
431,1,25,
431,2,49,
431,3,189,
431,4,232,
432,1,2,
432,2,25,
432,3,6,
432,4,232,
433,1,50,
433,2,2,
433,3,202,
433,4,232,
434,1,176,
434,2,27,
434,3,177,
435,1,188,
435,2,50,
435,3,29,
436,1,15,
436,2,18,
436,3,201,
436,4,21,
437,1,49,
437,2,53,
437,3,190,
437,4,56,
438,1,15,
438,2,236,
438,3,184,
438,4,21,
439,1,1,
439,2,236,
439,3,177,
439,4,9,
440,1,38,
440,2,236,
440,3,196,
440,4,43,
441,1,1,
441,2,194,
441,3,177,
441,4,236,
442,1,38,
442,2,176,
442,3,196,
442,4,236,
443,1,15,
443,2,200,
443,3,184,
443,4,236,
444,1,182,
444,2,38,
444,3,17,
445,1,176,
445,2,49,
445,3,5,
446,1,1,
446,2,238,
446,3,4,
446,4,179,
447,1,188,
447,2,238,
447,3,189,
447,4,32,
448,1,200,
448,2,238,
448,3,53,
448,4,203,
449,1,188,
449,2,50,
449,3,189,
449,4,238,
450,1,1,
450,2,188,
450,3,4,
450,4,238,
451,1,200,
451,2,1,
451,3,53,
451,4,238,
452,1,50,
452,2,2,
452,3,202,
453,1,27,
453,2,200,
453,3,190,
454,1,194,
454,2,42,
454,3,178,
454,4,44,
455,1,2,
455,2,177,
455,3,202,
455,4,7,
456,1,13,
456,2,242,
456,3,184,
456,4,19,
457,1,51,
457,2,242,
457,3,201,
457,4,204,
458,1,194,
458,2,242,
458,3,196,
458,4,44,
459,1,51,
459,2,182,
459,3,201,
459,4,242,
460,1,13,
460,2,26,
460,3,184,
460,4,242,
461,1,194,
461,2,3,
461,3,196,
461,4,242,
462,1,37,
462,2,49,
462,3,42,
463,1,200,
463,2,13,
463,3,54,
464,1,194,
464,2,195,
464,3,177,
464,4,198,
465,1,182,
465,2,183,
465,3,189,
465,4,185,
466,1,188,
466,2,189,
466,3,183,
466,4,191,
467,1,200,
467,2,202,
467,3,178,
467,4,203,
468,1,188,
468,2,190,
468,3,195,
468,4,192,
469,1,188,
469,2,244,
469,3,189,
469,4,32,
470,1,14,
470,2,244,
470,3,183,
470,4,186,
471,1,49,
471,2,244,
471,3,54,
471,4,204,
472,1,49,
472,2,182,
472,3,54,
472,4,244,
473,1,188,
473,2,14,
473,3,189,
473,4,244,
474,1,14,
474,2,50,
474,3,183,
474,4,244,
475,1,182,
475,2,188,
475,3,16,
476,1,26,
476,2,39,
476,3,28,
477,1,27,
477,2,190,
477,3,6,
477,4,191,
478,1,51,
478,2,202,
478,3,42,
478,4,203,
479,1,1,
479,2,178,
479,3,17,
479,4,180,
480,1,182,
480,2,249,
480,3,18,
480,4,20,
481,1,26,
481,2,249,
481,3,30,
481,4,192,
482,1,194,
482,2,249,
482,3,41,
482,4,45,
483,1,26,
483,2,39,
483,3,30,
483,4,249,
484,1,182,
484,2,194,
484,3,18,
484,4,249,
485,1,194,
485,2,13,
485,3,41,
485,4,249,
486,1,39,
486,2,27,
486,3,196,
487,1,188,
487,2,182,
487,3,190,
488,1,13,
488,2,188,
488,3,184,
489,1,49,
489,2,53,
489,3,5,
489,4,203,
490,1,13,
490,2,18,
490,3,30,
490,4,185,
491,1,194,
491,2,253,
491,3,40,
491,4,198,
492,1,182,
492,2,253,
492,3,17,
492,4,185,
493,1,176,
493,2,253,
493,3,4,
493,4,179,
494,1,194,
494,2,176,
494,3,40,
494,4,253,
495,1,182,
495,2,37,
495,3,17,
495,4,253,
496,1,176,
496,2,14,
496,3,4,
496,4,253,
497,1,39,
497,2,182,
497,3,195,
498,1,15,
498,2,3,
498,3,183,
499,1,15,
499,2,255,
499,3,17,
499,4,20,
500,1,50,
500,2,255,
500,3,201,
500,4,204,
501,1,176,
501,2,255,
501,3,178,
501,4,180,
502,1,50,
502,2,176,
502,3,201,
502,4,255,
503,1,176,
503,2,50,
503,3,178,
503,4,255,
504,1,15,
504,2,2,
504,3,17,
504,4,255,
505,1,49,
505,2,15,
505,3,202,
506,1,13,
506,2,49,
506,3,184,
507,1,176,
507,2,178,
507,3,196,
507,4,179,
508,1,194,
508,2,195,
508,3,190,
508,4,197,
509,1,182,
509,2,184,
509,3,178,
509,4,185,
510,1,200,
510,2,201,
510,3,190,
510,4,204,
511,1,188,
511,2,28,
511,3,196,
511,4,33,
512,1,176,
512,2,258,
512,3,177,
512,4,180,
513,1,27,
513,2,258,
513,3,189,
513,4,33,
514,1,13,
514,2,258,
514,3,18,
514,4,186,
515,1,27,
515,2,176,
515,3,189,
515,4,258,
516,1,13,
516,2,3,
516,3,18,
516,4,258,
517,1,176,
517,2,13,
517,3,177,
517,4,258,
518,1,3,
518,2,27,
518,3,5,
519,1,188,
519,2,15,
519,3,29,
520,1,51,
520,2,260,
520,3,53,
520,4,203,
521,1,188,
521,2,260,
521,3,190,
521,4,191,
522,1,39,
522,2,260,
522,3,42,
522,4,197,
523,1,39,
523,2,188,
523,3,42,
523,4,260,
524,1,51,
524,2,39,
524,3,53,
524,4,260,
525,1,188,
525,2,51,
525,3,190,
525,4,260,
526,1,37,
526,2,25,
526,3,195,
527,1,200,
527,2,37,
527,3,202,
528,1,176,
528,2,5,
528,3,184,
528,4,9,
529,1,194,
529,2,263,
529,3,195,
529,4,45,
530,1,2,
530,2,263,
530,3,177,
530,4,8,
531,1,49,
531,2,263,
531,3,53,
531,4,203,
532,1,194,
532,2,49,
532,3,195,
532,4,263,
533,1,49,
533,2,176,
533,3,53,
533,4,263,
534,1,2,
534,2,39,
534,3,177,
534,4,263,
535,1,39,
535,2,200,
535,3,42,
536,1,200,
536,2,2,
536,3,202,
537,1,176,
537,2,194,
537,3,4,
538,1,14,
538,2,265,
538,3,183,
538,4,21,
539,1,27,
539,2,265,
539,3,29,
539,4,192,
540,1,176,
540,2,265,
540,3,178,
540,4,179,
541,1,27,
541,2,182,
541,3,29,
541,4,265,
542,1,14,
542,2,176,
542,3,183,
542,4,265,
543,1,176,
543,2,27,
543,3,178,
543,4,265,
544,1,1,
544,2,14,
544,3,5,
545,1,26,
545,2,1,
545,3,190,
546,1,176,
546,2,177,
546,3,202,
546,4,179,
547,1,188,
547,2,190,
547,3,178,
547,4,191,
548,1,194,
548,2,196,
548,3,201,
548,4,198,
549,1,182,
549,2,184,
549,3,189,
549,4,186,
550,1,200,
550,2,54,
550,3,189,
550,4,57,
551,1,50,
551,2,268,
551,3,202,
551,4,56,
552,1,182,
552,2,268,
552,3,184,
552,4,19,
553,1,27,
553,2,268,
553,3,28,
553,4,191,
554,1,50,
554,2,182,
554,3,202,
554,4,268,
555,1,182,
555,2,27,
555,3,184,
555,4,268,
556,1,27,
556,2,14,
556,3,28,
556,4,268,
557,1,188,
557,2,50,
557,3,189,
558,1,200,
558,2,182,
558,3,53,
559,1,14,
559,2,27,
559,3,18,
560,1,194,
560,2,270,
560,3,196,
560,4,197,
561,1,13,
561,2,270,
561,3,183,
561,4,19,
562,1,50,
562,2,270,
562,3,54,
562,4,204,
563,1,194,
563,2,50,
563,3,196,
563,4,270,
564,1,13,
564,2,194,
564,3,183,
564,4,270,
565,1,50,
565,2,13,
565,3,54,
565,4,270,
566,1,14,
566,2,38,
566,3,16,
567,1,38,
567,2,51,
567,3,41,
568,1,200,
568,2,201,
568,3,41,
568,4,204,
569,1,188,
569,2,189,
569,3,5,
569,4,192,
570,1,200,
570,2,274,
570,3,201,
570,4,56,
571,1,3,
571,2,274,
571,3,178,
571,4,7,
572,1,26,
572,2,274,
572,3,30,
572,4,192,
573,1,200,
573,2,26,
573,3,201,
573,4,274,
574,1,26,
574,2,51,
574,3,30,
574,4,274,
575,1,3,
575,2,200,
575,3,178,
575,4,274,
576,1,51,
576,2,26,
576,3,54,
577,1,27,
577,2,3,
577,3,190,
578,1,200,
578,2,201,
578,3,178,
578,4,203,
579,1,188,
579,2,190,
579,3,184,
579,4,192,
580,1,176,
580,2,177,
580,3,190,
580,4,180,
581,1,194,
581,2,195,
581,3,201,
581,4,198,
582,1,14,
582,2,276,
582,3,16,
582,4,186,
583,1,38,
583,2,276,
583,3,42,
583,4,45,
584,1,176,
584,2,276,
584,3,177,
584,4,9,
585,1,14,
585,2,176,
585,3,16,
585,4,276,
586,1,38,
586,2,14,
586,3,42,
586,4,276,
587,1,176,
587,2,38,
587,3,177,
587,4,276,
588,1,194,
588,2,14,
588,3,196,
589,1,182,
589,2,1,
589,3,183,
590,1,3,
590,2,178,
590,3,54,
590,4,179,
591,1,194,
591,2,196,
591,3,29,
591,4,198,
592,1,15,
592,2,280,
592,3,17,
592,4,186,
593,1,49,
593,2,280,
593,3,202,
593,4,57,
594,1,37,
594,2,280,
594,3,40,
594,4,43,
595,1,37,
595,2,13,
595,3,196,
595,4,280,
596,1,49,
596,2,39,
596,3,202,
596,4,280,
597,1,13,
597,2,49,
597,3,17,
597,4,280,
598,1,39,
598,2,51,
598,3,195,
599,1,200,
599,2,15,
599,3,201,
600,1,176,
600,2,4,
600,3,28,
600,4,9,
601,1,27,
601,2,30,
601,3,183,
601,4,191,
602,1,37,
602,2,41,
602,3,201,
602,4,197,
603,1,14,
603,2,16,
603,3,178,
603,4,20,
604,1,2,
604,2,4,
604,3,195,
604,4,7,
605,1,15,
605,2,17,
605,3,190,
605,4,21,
606,1,39,
606,2,40,
606,3,177,
606,4,197,
607,1,49,
607,2,54,
607,3,184,
607,4,203,
608,1,200,
608,2,201,
608,3,41,
608,4,204,
609,1,1,
609,2,6,
609,3,29,
609,4,8,
610,1,25,
610,2,189,
610,3,202,
610,4,192,
611,1,13,
611,2,18,
611,3,196,
611,4,185,
612,1,26,
612,2,28,
612,3,178,
612,4,191,
613,1,38,
613,2,196,
613,3,54,
613,4,43,
614,1,50,
614,2,201,
614,3,183,
614,4,203,
615,1,188,
615,2,190,
615,3,5,
615,4,31,
616,1,182,
616,2,16,
616,3,195,
616,4,19,
617,1,3,
617,2,178,
617,3,30,
617,4,9,
618,1,51,
618,2,202,
618,3,4,
618,4,55,
619,1,188,
619,2,190,
619,3,18,
619,4,191,
620,1,194,
620,2,41,
620,3,201,
620,4,198,
621,1,37,
621,2,195,
621,3,28,
621,4,198,
622,1,49,
622,2,202,
622,3,16,
622,4,203,
623,1,15,
623,2,289,
623,3,18,
623,4,186,
624,1,49,
624,2,289,
624,3,52,
624,4,204,
625,1,176,
625,2,289,
625,3,178,
625,4,7,
626,1,176,
626,2,200,
626,3,178,
626,4,289,
627,1,15,
627,2,176,
627,3,18,
627,4,289,
628,1,49,
628,2,182,
628,3,52,
628,4,289,
629,1,1,
629,2,15,
629,3,6,
630,1,182,
630,2,49,
630,3,184,
631,1,188,
631,2,291,
631,3,189,
631,4,33,
632,1,14,
632,2,291,
632,3,18,
632,4,21,
633,1,176,
633,2,291,
633,3,5,
633,4,180,
634,1,176,
634,2,14,
634,3,5,
634,4,291,
635,1,14,
635,2,1,
635,3,18,
635,4,291,
636,1,188,
636,2,182,
636,3,189,
636,4,291,
637,1,25,
637,2,15,
637,3,29,
638,1,2,
638,2,188,
638,3,177,
639,1,194,
639,2,41,
639,3,6,
639,4,197,
640,1,188,
640,2,295,
640,3,30,
640,4,191,
641,1,38,
641,2,295,
641,3,196,
641,4,44,
642,1,200,
642,2,295,
642,3,202,
642,4,55,
643,1,188,
643,2,51,
643,3,30,
643,4,295,
644,1,38,
644,2,25,
644,3,196,
644,4,295,
645,1,200,
645,2,194,
645,3,202,
645,4,295,
646,1,25,
646,2,38,
646,3,189,
647,1,194,
647,2,200,
647,3,42,
648,1,188,
648,2,189,
648,3,183,
648,4,32,
649,1,3,
649,2,178,
649,3,201,
649,4,7,
650,1,194,
650,2,299,
650,3,42,
650,4,44,
651,1,182,
651,2,299,
651,3,17,
651,4,19,
652,1,51,
652,2,299,
652,3,201,
652,4,204,
653,1,182,
653,2,51,
653,3,17,
653,4,299,
654,1,194,
654,2,13,
654,3,42,
654,4,299,
655,1,51,
655,2,194,
655,3,201,
655,4,299,
656,1,39,
656,2,15,
656,3,195,
657,1,13,
657,2,200,
657,3,183,
658,1,176,
658,2,301,
658,3,178,
658,4,180,
659,1,200,
659,2,301,
659,3,54,
659,4,204,
660,1,13,
660,2,301,
660,3,184,
660,4,20,
661,1,200,
661,2,13,
661,3,54,
661,4,301,
662,1,13,
662,2,200,
662,3,184,
662,4,301,
663,1,176,
663,2,15,
663,3,178,
663,4,301,
664,1,50,
664,2,176,
664,3,201,
665,1,2,
665,2,14,
665,3,6,
666,1,15,
666,2,50,
666,3,16,
667,1,50,
667,2,52,
667,3,195,
667,4,204,
668,1,38,
668,2,42,
668,3,29,
668,4,197,
669,1,26,
669,2,305,
669,3,190,
669,4,191,
670,1,176,
670,2,305,
670,3,6,
670,4,180,
671,1,182,
671,2,305,
671,3,184,
671,4,21,
672,1,176,
672,2,182,
672,3,6,
672,4,305,
673,1,26,
673,2,2,
673,3,190,
673,4,305,
674,1,182,
674,2,188,
674,3,184,
674,4,305,
675,1,2,
675,2,26,
675,3,177,
676,1,188,
676,2,13,
676,3,28,
677,1,51,
677,2,307,
677,3,52,
677,4,203,
678,1,39,
678,2,307,
678,3,41,
678,4,197,
679,1,188,
679,2,307,
679,3,28,
679,4,33,
680,1,188,
680,2,200,
680,3,28,
680,4,307,
681,1,51,
681,2,194,
681,3,52,
681,4,307,
682,1,39,
682,2,25,
682,3,41,
682,4,307,
683,1,200,
683,2,39,
683,3,202,
684,1,194,
684,2,188,
684,3,196,
685,1,25,
685,2,51,
685,3,190,
686,1,14,
686,2,18,
686,3,30,
686,4,185,
687,1,194,
687,2,195,
687,3,16,
687,4,197,
688,1,50,
688,2,311,
688,3,53,
688,4,56,
689,1,1,
689,2,311,
689,3,177,
689,4,179,
690,1,182,
690,2,311,
690,3,183,
690,4,185,
691,1,50,
691,2,15,
691,3,53,
691,4,311,
692,1,182,
692,2,1,
692,3,183,
692,4,311,
693,1,1,
693,2,200,
693,3,177,
693,4,311,
694,1,176,
694,2,49,
694,3,5,
695,1,49,
695,2,182,
695,3,202,
696,1,194,
696,2,313,
696,3,196,
696,4,197,
697,1,14,
697,2,313,
697,3,16,
697,4,186,
698,1,188,
698,2,313,
698,3,28,
698,4,191,
699,1,194,
699,2,15,
699,3,196,
699,4,313,
700,1,14,
700,2,188,
700,3,16,
700,4,313,
701,1,188,
701,2,37,
701,3,28,
701,4,313,
702,1,25,
702,2,39,
702,3,189,
703,1,182,
703,2,194,
703,3,17,
704,1,50,
704,2,202,
704,3,18,
704,4,204,
705,1,27,
705,2,30,
705,3,195,
705,4,191,
706,1,15,
706,2,184,
706,3,4,
706,4,185,
707,1,194,
707,2,318,
707,3,40,
707,4,198,
708,1,200,
708,2,318,
708,3,54,
708,4,204,
709,1,1,
709,2,318,
709,3,177,
709,4,9,
710,1,1,
710,2,37,
710,3,177,
710,4,318,
711,1,200,
711,2,3,
711,3,54,
711,4,318,
712,1,194,
712,2,200,
712,3,40,
712,4,318,
713,1,37,
713,2,1,
713,3,195,
714,1,3,
714,2,51,
714,3,4,
715,1,38,
715,2,196,
715,3,190,
715,4,44,
716,1,188,
716,2,189,
716,3,42,
716,4,192,
717,1,176,
717,2,322,
717,3,178,
717,4,9,
718,1,15,
718,2,322,
718,3,183,
718,4,185,
719,1,39,
719,2,322,
719,3,195,
719,4,197,
720,1,15,
720,2,39,
720,3,183,
720,4,322,
721,1,39,
721,2,182,
721,3,195,
721,4,322,
722,1,176,
722,2,15,
722,3,178,
722,4,322,
723,1,182,
723,2,176,
723,3,18,
724,1,194,
724,2,2,
724,3,42,
725,1,176,
725,2,324,
725,3,6,
725,4,180,
726,1,13,
726,2,324,
726,3,16,
726,4,186,
727,1,188,
727,2,324,
727,3,28,
727,4,192,
728,1,176,
728,2,13,
728,3,6,
728,4,324,
729,1,188,
729,2,182,
729,3,28,
729,4,324,
730,1,13,
730,2,25,
730,3,16,
730,4,324,
731,1,2,
731,2,182,
731,3,177,
732,1,182,
732,2,188,
732,3,183,
733,1,3,
733,2,4,
733,3,190,
733,4,179,
734,1,200,
734,2,327,
734,3,202,
734,4,203,
735,1,194,
735,2,327,
735,3,40,
735,4,43,
736,1,2,
736,2,327,
736,3,5,
736,4,179,
737,1,2,
737,2,194,
737,3,5,
737,4,327,
738,1,194,
738,2,200,
738,3,40,
738,4,327,
739,1,200,
739,2,2,
739,3,202,
739,4,327,
740,1,3,
740,2,49,
740,3,177,
741,1,37,
741,2,3,
741,3,196,
742,1,13,
742,2,329,
742,3,17,
742,4,185,
743,1,51,
743,2,329,
743,3,52,
743,4,55,
744,1,37,
744,2,329,
744,3,42,
744,4,198,
745,1,51,
745,2,13,
745,3,52,
745,4,329,
746,1,37,
746,2,51,
746,3,42,
746,4,329,
747,1,13,
747,2,194,
747,3,17,
747,4,329,
748,1,49,
748,2,182,
748,3,53,
749,1,182,
749,2,37,
749,3,184,
750,1,25,
750,2,189,
750,3,183,
750,4,33,
751,1,14,
751,2,362,
751,3,16,
751,4,186,
752,1,331,
752,2,362,
752,3,5,
752,4,9,
753,1,188,
753,2,362,
753,3,189,
753,4,31,
754,1,14,
754,2,1,
754,3,16,
754,4,362,
755,1,188,
755,2,14,
755,3,189,
755,4,362,
756,1,331,
756,2,26,
756,3,5,
756,4,362,
757,1,26,
757,2,1,
757,3,29,
758,1,1,
758,2,182,
758,3,332,
759,1,337,
759,2,364,
759,3,18,
759,4,185,
760,1,25,
760,2,364,
760,3,189,
760,4,192,
761,1,37,
761,2,364,
761,3,196,
761,4,43,
762,1,25,
762,2,194,
762,3,189,
762,4,364,
763,1,337,
763,2,188,
763,3,18,
763,4,364,
764,1,37,
764,2,14,
764,3,196,
764,4,364,
765,1,188,
765,2,194,
765,3,30,
766,1,194,
766,2,14,
766,3,41,
767,1,3,
767,2,177,
767,3,29,
767,4,7,
768,1,176,
768,2,367,
768,3,4,
768,4,179,
769,1,343,
769,2,367,
769,3,190,
769,4,32,
770,1,194,
770,2,367,
770,3,196,
770,4,198,
771,1,343,
771,2,2,
771,3,190,
771,4,367,
772,1,176,
772,2,194,
772,3,4,
772,4,367,
773,1,194,
773,2,26,
773,3,196,
773,4,367,
774,1,26,
774,2,37,
774,3,344,
775,1,2,
775,2,26,
775,3,178,
776,1,15,
776,2,369,
776,3,184,
776,4,185,
777,1,355,
777,2,369,
777,3,201,
777,4,55,
778,1,2,
778,2,369,
778,3,177,
778,4,179,
779,1,15,
779,2,3,
779,3,184,
779,4,369,
780,1,2,
780,2,200,
780,3,177,
780,4,369,
781,1,355,
781,2,15,
781,3,201,
781,4,369,
782,1,3,
782,2,200,
782,3,6,
783,1,200,
783,2,14,
783,3,356,
784,1,25,
784,2,28,
784,3,195,
784,4,32,
785,1,13,
785,2,183,
785,3,30,
785,4,21,
786,1,27,
786,2,373,
786,3,190,
786,4,32,
787,1,349,
787,2,373,
787,3,195,
787,4,197,
788,1,200,
788,2,373,
788,3,201,
788,4,56,
789,1,200,
789,2,25,
789,3,201,
789,4,373,
790,1,27,
790,2,38,
790,3,190,
790,4,373,
791,1,349,
791,2,50,
791,3,195,
791,4,373,
792,1,38,
792,2,200,
792,3,350,
793,1,25,
793,2,38,
793,3,189,
794,1,355,
794,2,375,
794,3,54,
794,4,204,
795,1,176,
795,2,375,
795,3,177,
795,4,180,
796,1,194,
796,2,375,
796,3,196,
796,4,198,
797,1,194,
797,2,176,
797,3,196,
797,4,375,
798,1,355,
798,2,194,
798,3,54,
798,4,375,
799,1,176,
799,2,200,
799,3,177,
799,4,375,
800,1,3,
800,2,39,
800,3,4,
801,1,200,
801,2,3,
801,3,357,
802,1,49,
802,2,54,
802,3,30,
802,4,203,
803,1,26,
803,2,190,
803,3,40,
803,4,192,
804,1,200,
804,2,379,
804,3,53,
804,4,203,
805,1,15,
805,2,379,
805,3,183,
805,4,19,
806,1,343,
806,2,379,
806,3,29,
806,4,192,
807,1,15,
807,2,200,
807,3,183,
807,4,379,
808,1,343,
808,2,15,
808,3,29,
808,4,379,
809,1,200,
809,2,25,
809,3,53,
809,4,379,
810,1,182,
810,2,25,
810,3,16,
811,1,49,
811,2,182,
811,3,202,
812,1,39,
812,2,351,
812,3,356,
812,4,352,
813,1,15,
813,2,339,
813,3,333,
813,4,340,
814,1,1,
814,2,332,
814,3,350,
814,4,334,
815,1,200,
815,2,357,
815,3,345,
815,4,358,
816,1,194,
816,2,350,
816,3,333,
816,4,353,
817,1,3,
817,2,333,
817,3,345,
817,4,334,
818,1,49,
818,2,356,
818,3,339,
818,4,358,
819,1,14,
819,2,339,
819,3,350,
819,4,341,
820,1,188,
820,2,344,
820,3,357,
820,4,347,
821,1,37,
821,2,350,
821,3,339,
821,4,352,
822,1,182,
822,2,338,
822,3,356,
822,4,340,
823,1,27,
823,2,345,
823,3,351,
823,4,347,
824,1,50,
824,2,357,
824,3,344,
824,4,359,
825,1,26,
825,2,344,
825,3,338,
825,4,346,
826,1,176,
826,2,333,
826,3,357,
826,4,335,
827,1,2,
827,2,332,
827,3,344,
827,4,335,
828,1,38,
828,2,350,
828,3,332,
828,4,352,
829,1,51,
829,2,356,
829,3,332,
829,4,359,
830,1,25,
830,2,345,
830,3,351,
830,4,346,
831,1,39,
831,2,351,
831,3,338,
831,4,353,
832,1,13,
832,2,338,
832,3,344,
832,4,341,
833,1,15,
833,2,183,
833,3,332,
833,4,20,
834,1,39,
834,2,195,
834,3,338,
834,4,45,
835,1,26,
835,2,390,
835,3,345,
835,4,191,
836,1,38,
836,2,390,
836,3,42,
836,4,353,
837,1,176,
837,2,390,
837,3,178,
837,4,7,
838,1,26,
838,2,194,
838,3,345,
838,4,390,
839,1,176,
839,2,343,
839,3,178,
839,4,390,
840,1,38,
840,2,331,
840,3,42,
840,4,390,
841,1,194,
841,2,176,
841,3,195,
842,1,343,
842,2,38,
842,3,29,
843,1,2,
843,2,177,
843,3,195,
843,4,8,
844,1,331,
844,2,333,
844,3,190,
844,4,334,
845,1,349,
845,2,351,
845,3,178,
845,4,352,
846,1,349,
846,2,350,
846,3,201,
846,4,353,
847,1,355,
847,2,357,
847,3,184,
847,4,358,
848,1,25,
848,2,28,
848,3,350,
848,4,347,
849,1,343,
849,2,194,
849,3,189,
849,4,356,
850,1,188,
850,2,38,
850,3,344,
851,1,188,
851,2,331,
851,3,28,
852,1,331,
852,2,394,
852,3,333,
852,4,334,
853,1,194,
853,2,394,
853,3,196,
853,4,352,
854,1,51,
854,2,394,
854,3,53,
854,4,358,
855,1,194,
855,2,51,
855,3,196,
855,4,394,
856,1,331,
856,2,194,
856,3,333,
856,4,394,
857,1,51,
857,2,176,
857,3,53,
857,4,394,
858,1,200,
858,2,349,
858,3,357,
859,1,349,
859,2,331,
859,3,41,
860,1,39,
860,2,41,
860,3,338,
860,4,198,
861,1,14,
861,2,17,
861,3,333,
861,4,186,
862,1,26,
862,2,398,
862,3,190,
862,4,347,
863,1,182,
863,2,398,
863,3,18,
863,4,185,
864,1,331,
864,2,398,
864,3,5,
864,4,335,
865,1,182,
865,2,3,
865,3,18,
865,4,398,
866,1,26,
866,2,182,
866,3,190,
866,4,398,
867,1,331,
867,2,343,
867,3,5,
867,4,398,
868,1,15,
868,2,331,
868,3,339,
869,1,3,
869,2,26,
869,3,178,
870,1,176,
870,2,178,
870,3,351,
870,4,180,
871,1,27,
871,2,189,
871,3,333,
871,4,32,
872,1,200,
872,2,402,
872,3,202,
872,4,56,
873,1,27,
873,2,402,
873,3,189,
873,4,346,
874,1,337,
874,2,402,
874,3,17,
874,4,186,
875,1,200,
875,2,27,
875,3,202,
875,4,402,
876,1,27,
876,2,13,
876,3,189,
876,4,402,
877,1,337,
877,2,49,
877,3,17,
877,4,402,
878,1,49,
878,2,27,
878,3,357,
879,1,343,
879,2,337,
879,3,29,
880,1,37,
880,2,404,
880,3,351,
880,4,198,
881,1,331,
881,2,404,
881,3,6,
881,4,179,
882,1,355,
882,2,404,
882,3,356,
882,4,359,
883,1,37,
883,2,331,
883,3,351,
883,4,404,
884,1,355,
884,2,39,
884,3,356,
884,4,404,
885,1,331,
885,2,50,
885,3,6,
885,4,404,
886,1,39,
886,2,355,
886,3,195,
887,1,50,
887,2,1,
887,3,53,
888,1,25,
888,2,189,
888,3,350,
888,4,192,
889,1,200,
889,2,54,
889,3,178,
889,4,359,
890,1,337,
890,2,408,
890,3,338,
890,4,340,
891,1,349,
891,2,408,
891,3,40,
891,4,197,
892,1,27,
892,2,408,
892,3,28,
892,4,347,
893,1,349,
893,2,188,
893,3,40,
893,4,408,
894,1,337,
894,2,194,
894,3,338,
894,4,408,
895,1,27,
895,2,337,
895,3,28,
895,4,408,
896,1,188,
896,2,15,
896,3,344,
897,1,15,
897,2,27,
897,3,184,
898,1,1,
898,2,410,
898,3,332,
898,4,334,
899,1,337,
899,2,410,
899,3,16,
899,4,341,
900,1,343,
900,2,410,
900,3,189,
900,4,347,
901,1,337,
901,2,343,
901,3,16,
901,4,410,
902,1,1,
902,2,337,
902,3,332,
902,4,410,
903,1,343,
903,2,331,
903,3,189,
903,4,410,
904,1,188,
904,2,13,
904,3,345,
905,1,13,
905,2,1,
905,3,183,
906,1,176,
906,2,332,
906,3,183,
906,4,334,
907,1,182,
907,2,17,
907,3,351,
907,4,185,
908,1,38,
908,2,350,
908,3,202,
908,4,353,
909,1,355,
909,2,356,
909,3,190,
909,4,359,
910,1,343,
910,2,345,
910,3,201,
910,4,346,
911,1,349,
911,2,350,
911,3,177,
911,4,352,
912,1,331,
912,2,333,
912,3,183,
912,4,334,
913,1,355,
913,2,415,
913,3,54,
913,4,358,
914,1,349,
914,2,415,
914,3,351,
914,4,197,
915,1,188,
915,2,415,
915,3,190,
915,4,346,
916,1,349,
916,2,343,
916,3,351,
916,4,415,
917,1,188,
917,2,355,
917,3,190,
917,4,415,
918,1,355,
918,2,349,
918,3,54,
918,4,415,
919,1,37,
919,2,50,
919,3,195,
920,1,50,
920,2,188,
920,3,357,
921,1,331,
921,2,177,
921,3,338,
921,4,335,
922,1,349,
922,2,195,
922,3,177,
922,4,352,
923,1,182,
923,2,419,
923,3,338,
923,4,186,
924,1,355,
924,2,419,
924,3,202,
924,4,358,
925,1,3,
925,2,419,
925,3,177,
925,4,334,
926,1,13,
926,2,3,
926,3,338,
926,4,419,
927,1,3,
927,2,343,
927,3,333,
927,4,419,
928,1,49,
928,2,182,
928,3,202,
928,4,419,
929,1,182,
929,2,331,
929,3,183,
930,1,49,1
930,2,182,1
930,3,356,1
930,1,49,1
930,2,182,1
930,3,356,1
931,1,343,1
931,2,345,1
931,3,53,1
931,4,346,1
932,1,337,1
932,2,339,1
932,3,189,1
932,4,340,1
933,1,355,1
933,2,356,1
933,3,195,1
933,4,358,1
934,1,331,1
934,2,333,1
934,3,189,1
934,4,334,1
935,1,194,1
935,2,42,1
935,3,332,1
935,4,197,1
936,1,331,1
936,2,星舞,1
936,3,332,1
936,4,7,1
937,1,25,1
937,2,星舞,1
937,3,189,1
937,4,32,1
938,1,200,1
938,2,星舞,1
938,3,357,1
938,4,359,1
939,1,331,1
939,2,37,1
939,3,332,1
939,4,星舞,1
940,1,343,1
940,2,331,1
940,3,189,1
940,4,星舞,1
941,1,200,1
941,2,337,1
941,3,357,1
941,4,星舞,1
942,1,343,1
942,2,1,1
942,3,189,1
943,1,355,1
943,2,343,1
943,3,357,1
944,1,349,1
944,2,花冠,1
944,3,350,1
944,4,197,1
945,1,355,1
945,2,花冠,1
945,3,356,1
945,4,203,1
946,1,13,1
946,2,花冠,1
946,3,184,1
946,4,20,1
947,1,13,1
947,2,349,1
947,3,184,1
947,4,花冠,1
948,1,200,1
948,2,13,1
948,3,202,1
948,4,花冠,1
949,1,194,1
949,2,355,1
949,3,350,1
949,4,花冠,1
950,1,349,1
950,2,13,1
950,3,40,1
951,1,337,1
951,2,194,1
951,3,338,1
952,1,13,1
952,2,338,1
952,3,177,1
952,4,341,1
953,1,337,1
953,2,339,1
953,3,177,1
953,4,340,1
954,1,355,1
954,2,357,1
954,3,189,1
954,4,358,1
955,1,349,1
955,2,350,1
955,3,184,1
955,4,353,1
956,1,331,1
956,2,332,1
956,3,190,1
956,4,334,1
957,1,331,1
957,2,幼心,1
957,3,4,1
957,4,179,1
958,1,349,1
958,2,幼心,1
958,3,350,1
958,4,45,1
959,1,25,1
959,2,幼心,1
959,3,190,1
959,4,33,1
960,1,349,1
960,2,14,1
960,3,350,1
960,4,幼心,1
961,1,331,1
961,2,25,1
961,3,4,1
961,4,幼心,1
962,1,25,1
962,2,15,1
962,3,190,1
962,4,幼心,1
963,1,38,1
963,2,176,1
963,3,351,1
964,1,25,1
964,2,349,1
964,3,345,1
965,1,26,1
965,2,190,1
965,3,356,1
965,4,33,1
966,1,343,1
966,2,使い魔,1
966,3,344,1
966,4,31,1
967,1,194,1
967,2,使い魔,1
967,3,196,1
967,4,353,1
968,1,200,1
968,2,使い魔,1
968,3,201,1
968,4,57,1
969,1,39,1
969,2,343,1
969,3,42,1
969,4,使い魔,1
970,1,343,1
970,2,176,1
970,3,30,1
970,4,使い魔,1
971,1,200,1
971,2,14,1
971,3,53,1
971,4,使い魔,1
972,1,355,1
972,2,194,1
972,3,201,1
973,1,39,1
973,2,27,1
973,3,196,1
974,1,343,1
974,2,344,1
974,3,196,1
974,4,347,1
975,1,349,1
975,2,350,1
975,3,202,1
975,4,352,1
976,1,355,1
976,2,357,1
976,3,178,1
976,4,359,1
977,1,337,1
977,2,338,1
977,3,202,1
977,4,341,1
978,1,331,1
978,2,332,1
978,3,183,1
978,4,335,1
979,1,182,1
979,2,18,1
979,3,177,1
979,4,341,1
980,1,176,1
980,2,177,1
980,3,29,1
980,4,180,1
981,1,337,1
981,2,183,1
981,3,350,1
981,4,186,1
982,1,337,1
982,2,25,1
982,3,183,1
982,4,178,1
983,1,182,1
983,2,26,1
983,3,339,1
984,1,182,1
984,2,355,1
984,3,183,1
985,1,200,1
985,2,53,1
985,3,345,1
985,4,203,1
986,1,331,1
986,2,177,1
986,3,30,1
986,4,179,1
987,1,37,1
987,2,195,1
987,3,332,1
987,4,198,1
988,1,25,1
988,2,190,1
988,3,18,1
988,4,191,1
989,1,39,1
989,2,41,1
989,3,54,1
989,4,197,1
990,1,188,1
990,2,189,1
990,3,18,1
990,4,33,1
991,1,15,1
991,2,184,1
991,3,356,1
991,4,185,1
992,1,25,1
992,2,里帰り,1
992,3,345,1
992,4,191,1
993,1,15,1
993,2,里帰り,1
993,3,338,1
993,4,20,1
994,1,331,1
994,2,里帰り,1
994,3,178,1
994,4,335,1
995,1,188,1
995,2,331,1
995,3,345,1
995,4,里帰り,1
996,1,182,1
996,2,50,1
996,3,18,1
996,4,里帰り,1
997,1,1,1
997,2,349,1
997,3,4,1
997,4,里帰り,1
998,1,188,1
998,2,331,1
998,3,28,1
999,1,1,1
999,2,25,1
999,3,4,1
1000,1,38,1
1000,2,196,1
1000,3,333,1
1000,4,352,1
1001,1,15,1
1001,2,183,1
1001,3,53,1
1001,4,185,1
1002,1,355,1
1002,2,52,1
1002,3,195,1
1002,4,359,1
1003,1,51,1
1003,2,1,1
1003,3,52,1
1003,4,184,1
1004,1,200,1
1004,2,331,1
1004,3,356,1
1005,1,200,1
1005,2,331,1
1005,3,356,1
1006,1,188,1
1006,2,345,1
1006,3,338,1
1006,4,33,1
1007,1,37,1
1007,2,351,1
1007,3,344,1
1007,4,45,1
1008,1,49,1
1008,2,356,1
1008,3,351,1
1008,4,55,1
1009,1,194,1
1009,2,350,1
1009,3,357,1
1009,4,352,1
1010,1,27,1
1010,2,344,1
1010,3,338,1
1010,4,33,1
1011,1,200,1
1011,2,357,1
1011,3,332,1
1011,4,358,1
1012,1,176,1
1012,2,333,1
1012,3,345,1
1012,4,8,1
1013,1,25,1
1013,2,345,1
1013,3,356,1
1013,4,347,1
1014,1,13,1
1014,2,338,1
1014,3,333,1
1014,4,20,1
1015,1,14,1
1015,2,338,1
1015,3,351,1
1015,4,341,1
1016,1,2,1
1016,2,332,1
1016,3,357,1
1016,4,334,1
1017,1,200,1
1017,2,356,1
1017,3,338,1
1017,4,57,1
1018,1,194,1
1018,2,351,1
1018,3,333,1
1018,4,352,1
1019,1,50,1
1019,2,357,1
1019,3,339,1
1019,4,57,1
1020,1,182,1
1020,2,339,1
1020,3,350,1
1020,4,21,1
1021,1,39,1
1021,2,350,1
1021,3,345,1
1021,4,45,1
1022,1,3,1
1022,2,333,1
1022,3,339,1
1022,4,9,1
1023,1,182,1
1023,2,339,1
1023,3,333,1
1023,4,21,1
1024,1,1,1
1024,2,332,1
1024,3,350,1
1024,4,8,1
1025,1,176,1
1025,2,333,1
1025,3,356,1
1025,4,334,1
1026,1,188,1
1026,2,344,1
1026,3,332,1
1026,4,347,1
1027,1,51,1
1027,2,356,1
1027,3,344,1
1027,4,204,1
1028,1,1,1
1028,2,333,1
1028,3,42,1
1028,4,334,1
1029,1,355,1
1029,2,旅立ち,1
1029,3,202,1
1029,4,55,1
1030,1,1,1
1030,2,旅立ち,1
1030,3,178,1
1030,4,9,1
1031,1,26,1
1031,2,旅立ち,1
1031,3,344,1
1031,4,191,1
1032,1,1,1
1032,2,200,1
1032,3,5,1
1032,4,旅立ち,1
1033,1,200,1
1033,2,26,1
1033,3,202,1
1033,4,旅立ち,1
1034,1,26,1
1034,2,349,1
1034,3,344,1
1034,4,旅立ち,1
1035,1,188,1
1035,2,355,1
1035,3,189,1
1036,1,176,1
1036,2,26,1
1036,3,178,1
1037,1,337,1
1037,2,幻影,1
1037,3,183,1
1037,4,340,1
1038,1,188,1
1038,2,幻影,1
1038,3,29,1
1038,4,346,1
1039,1,194,1
1039,2,幻影,1
1039,3,350,1
1039,4,45,1
1040,1,194,1
1040,2,337,1
1040,3,41,1
1040,4,幻影,1
1041,1,188,1
1041,2,1,1
1041,3,29,1
1041,4,幻影,1
1042,1,13,1
1042,2,25,1
1042,3,183,1
1042,4,幻影,1
1043,1,349,1
1043,2,337,1
1043,3,350,1
1044,1,25,1
1044,2,194,1
1044,3,344,1
1045,1,50,1
1045,2,357,1
1045,3,177,1
1045,4,56,1
1046,1,331,1
1046,2,177,1
1046,3,190,1
1046,4,9,1
1047,1,50,1
1047,2,202,1
1047,3,333,1
1047,4,55,1
1048,1,182,1
1048,2,17,1
1048,3,177,1
1048,4,341,1
1049,1,343,1
1049,2,190,1
1049,3,18,1
1049,4,347,1
1050,1,14,1
1050,2,339,1
1050,3,350,1
1050,4,186,1
1051,1,3,1
1051,2,178,1
1051,3,184,1
1051,4,335,1
1052,1,349,1
1052,2,42,1
1052,3,16,1
1052,4,45,1
1053,1,200,1
1053,2,ヴァルシー,1
1053,3,201,1
1053,4,56,1
1054,1,349,1
1054,2,ヴァルシー,1
1054,3,196,1
1054,4,197,1
1055,1,14,1
1055,2,ヴァルシー,1
1055,3,16,1
1055,4,340,1
1056,1,200,1
1056,2,337,1
1056,3,357,1
1056,4,ヴァルシー,1
1057,1,337,1
1057,2,349,1
1057,3,16,1
1057,4,ヴァルシー,1
1058,1,349,1
1058,2,3,1
1058,3,196,1
1058,4,ヴァルシー,1
1059,1,14,1
1059,2,349,1
1059,3,184,1
1060,1,194,1
1060,2,49,1
1060,3,40,1
1061,1,355,1
1061,2,54,1
1061,3,16,1
1061,4,358,1
1062,1,194,1
1062,2,195,1
1062,3,54,1
1062,4,198,1
1063,1,15,1
1063,2,傷痕,1
1063,3,338,1
1063,4,20,1
1064,1,343,1
1064,2,傷痕,1
1064,3,29,1
1064,4,191,1
1065,1,349,1
1065,2,傷痕,1
1065,3,196,1
1065,4,353,1
1066,1,343,1
1066,2,50,1
1066,3,190,1
1066,4,傷痕,1
1067,1,13,1
1067,2,343,1
1067,3,338,1
1067,4,傷痕,1
1068,1,349,1
1068,2,15,1
1068,3,196,1
1068,4,傷痕,1
1069,1,349,1
1069,2,13,1
1069,3,196,1
1070,1,343,1
1070,2,349,1
1070,3,29,1
1071,1,343,1
1071,2,345,1
1071,3,178,1
1071,4,347,1
1072,1,337,1
1072,2,184,1
1072,3,54,1
1072,4,185,1
1073,1,349,1
1073,2,お守り,1
1073,3,40,1
1073,4,197,1
1074,1,355,1
1074,2,お守り,1
1074,3,201,1
1074,4,359,1
1075,1,2,1
1075,2,お守り,1
1075,3,5,1
1075,4,179,1
1076,1,文件:Tks ニ面性.png,1
1076,2,349,1
1076,3,202,1
1076,4,お守り,1
1077,1,2,1
1077,2,343,1
1077,3,5,1
1077,4,お守り,1
1078,1,349,1
1078,2,2,1
1078,3,40,1
1078,4,お守り,1
1079,1,37,1
1079,2,2,1
1079,3,350,1
1080,1,331,1
1080,2,355,1
1080,3,332,1
1081,1,51,1
1081,2,ラベンダー,1
1081,3,202,1
1081,4,55,1
1082,1,3,1
1082,2,ラベンダー,1
1082,3,177,1
1082,4,180,1
1083,1,343,1
1083,2,ラベンダー,1
1083,3,189,1
1083,4,32,1
1084,1,343,1
1084,2,51,1
1084,3,345,1
1084,4,ラベンダー,1
1085,1,51,1
1085,2,337,1
1085,3,202,1
1085,4,ラベンダー,1
1086,1,176,1
1086,2,343,1
1086,3,177,1
1086,4,ラベンダー,1
1087,1,26,1
1087,2,51,1
1087,3,345,1
1088,1,355,1
1088,2,176,1
1088,3,356,1
1089,1,337,1
1089,2,184,1
1089,3,356,1
1089,4,185,1
1090,1,343,1
1090,2,190,1
1090,3,17,1
1090,4,346,1
1091,1,27,1
1091,2,345,1
1091,3,178,1
1091,4,191,1
1092,1,37,1
1092,2,196,1
1092,3,189,1
1092,4,353,1
1093,1,3,1
1093,2,332,1
1093,3,357,1
1093,4,8,1
1094,1,49,1
1094,2,202,1
1094,3,344,1
1094,4,359,1
1095,1,355,1
1095,2,201,1
1095,3,18,1
1095,4,57,1
1096,1,3,1
1096,2,332,1
1096,3,345,1
1096,4,179,1
1097,1,182,1
1097,2,17,1
1097,3,350,1
1097,4,19,1
1098,1,331,1
1098,2,ファミリー,1
1098,3,4,1
1098,4,180,1
1099,1,49,1
1099,2,ファミリー,1
1099,3,201,1
1099,4,358,1
1100,1,15,1
1100,2,ファミリー,1
1100,3,338,1
1100,4,185,1
1101,1,331,1
1101,2,182,1
1101,3,4,1
1101,4,ファミリー,1
1102,1,182,1
1102,2,37,1
1102,3,339,1
1102,4,ファミリー,1
1103,1,200,1
1103,2,331,1
1103,3,201,1
1103,4,ファミリー,1
1104,1,1,1
1104,2,200,1
1104,3,178,1
1105,1,49,1
1105,2,331,1
1105,3,54,1
1106,1,13,1
1106,2,49,1
1106,3,18,1
1107,1,337,1
1107,2,執事,1
1107,3,338,1
1107,4,186,1
1108,1,37,1
1108,2,執事,1
1108,3,196,1
1108,4,353,1
1109,1,182,1
1109,2,37,1
1109,3,184,1
1110,1,349,1
1110,2,337,1
1110,3,42,1
1111,1,182,1
1111,2,ピエロ,1
1111,3,16,1
1111,4,340,1
1112,1,355,1
1112,2,ピエロ,1
1112,3,357,1
1112,4,359,1
1113,1,39,1
1113,2,ピエロ,1
1113,3,196,1
1113,4,353,1
1114,1,15,1
1114,2,188,1
1114,3,339,1
1114,4,ピエロ,1
1115,1,50,1
1115,2,39,1
1115,3,357,1
1115,4,ピエロ,1
1116,1,194,1
1116,2,3,1
1116,3,196,1
1116,4,ピエロ,1
1117,1,194,1
1117,2,50,1
1117,3,351,1
1118,1,50,1
1118,2,194,1
1118,3,202,1
1119,1,37,1
1119,2,350,1
1119,3,178,1
1119,4,44,1
1120,1,2,1
1120,2,178,1
1120,3,202,1
1120,4,179,1
1121,1,188,1
1121,2,189,1
1121,3,201,1
1121,4,347,1
1122,1,182,1
1122,2,稽古,1
1122,3,18,1
1122,4,340,1
1123,1,49,1
1123,2,稽古,1
1123,3,201,1
1123,4,358,1
1124,1,49,1
1124,2,182,1
1124,3,357,1
1125,1,13,1
1125,2,355,1
1125,3,339,1
1126,1,37,1
1126,2,研究,1
1126,3,41,1
1126,4,197,1
1127,1,355,1
1127,2,研究,1
1127,3,201,1
1127,4,55,1
1128,1,343,1
1128,2,研究,1
1128,3,344,1
1128,4,192,1
1129,1,37,1
1129,2,355,1
1129,3,41,1
1129,4,研究,1
1130,1,49,1
1130,2,37,1
1130,3,201,1
1130,4,研究,1
1131,1,343,1
1131,2,49,1
1131,3,345,1
1131,4,研究,1
1132,1,355,1
1132,2,39,1
1132,3,201,1
1133,1,27,1
1133,2,37,1
1133,3,344,1
1134,1,337,1
1134,2,17,1
1134,3,201,1
1134,4,341,1
1135,1,331,1
1135,2,4,1
1135,3,345,1
1135,4,179,1
1136,1,39,1
1136,2,ノッツェ,1
1136,3,350,1
1136,4,198,1
1137,1,25,1
1137,2,ノッツェ,1
1137,3,345,1
1137,4,191,1
1138,1,337,1
1138,2,ノッツェ,1
1138,3,184,1
1138,4,341,1
1139,1,39,1
1139,2,176,1
1139,3,195,1
1139,4,ノッツェ,1
1140,1,13,1
1140,2,39,1
1140,3,184,1
1140,4,ノッツェ,1
1141,1,27,1
1141,2,13,1
1141,3,345,1
1141,4,ノッツェ,1
1142,1,13,1
1142,2,39,1
1142,3,338,1
1143,1,349,1
1143,2,13,1
1143,3,350,1
1144,1,194,1
1144,2,351,1
1144,3,178,1
1144,4,353,1
1145,1,194,1
1145,2,355,1
1145,3,351,1
1145,4,189,1
1146,1,349,1
1146,2,182,1
1146,3,195,1
1147,1,38,1
1147,2,50,1
1147,3,195,1
1148,1,25,1
1148,2,モデル,1
1148,3,190,1
1148,4,32,1
1149,1,355,1
1149,2,モデル,1
1149,3,202,1
1149,4,359,1
1150,1,343,1
1150,2,50,1
1150,3,345,1
1151,1,50,1
1151,2,343,1
1151,3,201,1
1152,1,355,1
1152,2,52,1
1152,3,195,1
1152,4,359,1
1153,1,13,1
1153,2,体験,1
1153,3,339,1
1153,4,20,1
1154,1,200,1
1154,2,体験,1
1154,3,356,1
1154,4,57,1
1155,1,39,1
1155,2,体験,1
1155,3,40,1
1155,4,352,1
1156,1,182,1
1156,2,39,1
1156,3,183,1
1156,4,体験,1
1157,1,39,1
1157,2,176,1
1157,3,350,1
1157,4,体験,1
1158,1,200,1
1158,2,182,1
1158,3,356,1
1158,4,体験,1
1159,1,349,1
1159,2,200,1
1159,3,350,1
1160,1,49,1
1160,2,39,1
1160,3,52,1
1161,1,343,1
1161,2,人助け,1
1161,3,190,1
1161,4,191,1
1162,1,337,1
1162,2,人助け,1
1162,3,16,1
1162,4,186,1
1163,1,51,1
1163,2,人助け,1
1163,3,357,1
1163,4,204,1
1164,1,337,1
1164,2,176,1
1164,3,16,1
1164,4,人助け,1
1165,1,51,1
1165,2,343,1
1165,3,201,1
1165,4,人助け,1
1166,1,188,1
1166,2,337,1
1166,3,190,1
1166,4,人助け,1
1167,1,14,1
1167,2,200,1
1167,3,339,1
1168,1,200,1
1168,2,337,1
1168,3,201,1
1169,1,331,1
1169,2,捜査,1
1169,3,178,1
1169,4,9,1
1170,1,337,1
1170,2,捜査,1
1170,3,339,1
1170,4,185,1
1171,1,1,1
1171,2,337,1
1171,3,177,1
1172,1,14,1
1172,2,331,1
1172,3,17,1
1173,1,200,1
1173,2,202,1
1173,3,18,1
1173,4,358,1
1174,1,2,1
1174,2,4,1
1174,3,351,1
1174,4,335,1
1175,1,2,1
1175,2,194,1
1175,3,4,1
1175,4,183,1
1176,1,331,1
1176,2,25,1
1176,3,178,1
1177,1,176,1
1177,2,51,1
1177,3,332,1
1178,1,176,1
1178,2,マグマ,1
1178,3,5,1
1178,4,180,1
1179,1,50,1
1179,2,マグマ,1
1179,3,356,1
1179,4,57,1
1180,1,39,1
1180,2,マグマ,1
1180,3,195,1
1180,4,353,1
1181,1,50,1
1181,2,182,1
1181,3,356,1
1181,4,マグマ,1
1182,1,194,1
1182,2,50,1
1182,3,195,1
1182,4,マグマ,1
1183,1,176,1
1183,2,343,1
1183,3,5,1
1183,4,マグマ,1
1184,1,200,1
1184,2,39,1
1184,3,202,1
1185,1,194,1
1185,2,331,1
1185,3,42,1
1186,1,182,1
1186,2,338,1
1186,3,28,1
1186,4,341,1
1187,1,38,1
1187,2,尻尾,1
1187,3,42,1
1187,4,353,1
1188,1,26,1
1188,2,尻尾,1
1188,3,344,1
1188,4,192,1
1189,1,14,1
1189,2,尻尾,1
1189,3,339,1
1189,4,341,1
1190,1,38,1
1190,2,188,1
1190,3,42,1
1190,4,尻尾,1
1191,1,14,1
1191,2,194,1
1191,3,339,1
1191,4,尻尾,1
1192,1,26,1
1192,2,14,1
1192,3,344,1
1192,4,尻尾,1
1193,1,15,1
1193,2,194,1
1193,3,184,1
1194,1,188,1
1194,2,14,1
1194,3,345,1
1195,1,3,1
1195,2,鳥籠,1
1195,3,177,1
1195,4,335,1
1196,1,349,1
1196,2,鳥籠,1
1196,3,42,1
1196,4,198,1
1197,1,343,1
1197,2,鳥籠,1
1197,3,345,1
1197,4,33,1
1198,1,3,1
1198,2,349,1
1198,3,177,1
1198,4,鳥籠,1
1199,1,343,1
1199,2,1,1
1199,3,344,1
1199,4,鳥籠,1
1200,1,349,1
1200,2,343,1
1200,3,351,1
1200,4,鳥籠,1
1201,1,39,1
1201,2,1,1
1201,3,351,1
1202,1,25,1
1202,2,349,1
1202,3,344,1
1204,1,39,1
1204,2,351,1
1204,3,190,1
1204,4,44,1
1205,1,200,1
1205,2,52,1
1205,3,184,1
1205,4,359,1
1206,1,27,1
1206,2,幼子,1
1206,3,189,1
1206,4,347,1
1207,1,15,1
1207,2,幼子,1
1207,3,184,1
1207,4,340,1
1208,1,27,1
1208,2,15,1
1208,3,344,1
1209,1,15,1
1209,2,26,1
1209,3,339,1
1210,1,337,1
1210,2,彫刻,1
1210,3,339,1
1210,4,186,1
1211,1,38,1
1211,2,彫刻,1
1211,3,40,1
1211,4,197,1
1212,1,355,1
1212,2,彫刻,1
1212,3,54,1
1212,4,204,1
1213,1,38,1
1213,2,331,1
1213,3,40,1
1213,4,彫刻,1
1214,1,50,1
1214,2,38,1
1214,3,357,1
1214,4,彫刻,1
1215,1,337,1
1215,2,355,1
1215,3,339,1
1215,4,彫刻,1
1216,1,349,1
1216,2,355,1
1216,3,351,1
1217,1,13,1
1217,2,38,1
1217,3,184,1
1218,1,343,1
1218,2,189,1
1218,3,177,1
1218,4,31,1
1219,1,51,1
1219,2,357,1
1219,3,18,1
1219,4,358,1
1220,1,51,1
1220,2,53,1
1220,3,351,1
1220,4,358,1
1221,1,3,1
1221,2,332,1
1221,3,339,1
1221,4,335,1
1222,1,188,1
1222,2,30,1
1222,3,351,1
1222,4,347,1
1223,1,176,1
1223,2,332,1
1223,3,345,1
1223,4,180,1
1224,1,182,1
1224,2,17,1
1224,3,351,1
1224,4,185,1
1225,1,188,1
1225,2,28,1
1225,3,53,1
1225,4,346,1
1226,1,14,1
1226,2,338,1
1226,3,30,1
1226,4,341,1
1227,1,2,1
1227,2,332,1
1227,3,338,1
1227,4,334,1
1228,1,37,1
1228,2,351,1
1228,3,332,1
1228,4,198,1
1229,1,188,1
1229,2,28,1
1229,3,350,1
1229,4,347,1
1230,1,50,1
1230,2,53,1
1230,3,17,1
1230,4,203,1
1231,1,194,1
1231,2,351,1
1231,3,356,1
1231,4,353,1
1232,1,176,1
1232,2,6,1
1232,3,28,1
1232,4,334,1
1233,1,14,1
1233,2,339,1
1233,3,332,1
1233,4,185,1
1234,1,37,1
1234,2,351,1
1234,3,6,1
1234,4,353,1
1235,1,182,1
1235,2,17,1
1235,3,356,1
1235,4,340,1
1236,1,51,1
1236,2,356,1
1236,3,350,1
1236,4,203,1
1237,1,27,1
1237,2,28,1
1237,3,338,1
1237,4,347,1
1238,1,37,1
1238,2,351,1
1238,3,332,1
1238,4,352,1
1239,1,182,1
1239,2,17,1
1239,3,350,1
1239,4,341,1
1240,1,50,1
1240,2,356,1
1240,3,345,1
1240,4,359,1
1241,1,1,1
1241,2,333,1
1241,3,189,1
1241,4,179,1
1242,1,38,1
1242,2,350,1
1242,3,333,1
1242,4,352,1
1243,1,355,1
1243,2,リボン,1
1243,3,201,1
1243,4,203,1
1244,1,343,1
1244,2,リボン,1
1244,3,344,1
1244,4,192,1
1245,1,331,1
1245,2,リボン,1
1245,3,333,1
1245,4,7,1
1246,1,355,1
1246,2,14,1
1246,3,201,1
1246,4,リボン,1
1247,1,331,1
1247,2,25,1
1247,3,332,1
1247,4,リボン,1
1248,1,343,1
1248,2,355,1
1248,3,344,1
1248,4,リボン,1
1249,1,49,1
1249,2,343,1
1249,3,356,1
1250,1,343,1
1250,2,1,1
1250,3,345,1
1251,1,337,1
1251,2,184,1
1251,3,42,1
1251,4,340,1
1252,1,15,1
1252,2,ゲーム,1
1252,3,338,1
1252,4,340,1
1253,1,355,1
1253,2,ゲーム,1
1253,3,356,1
1253,4,55,1
1254,1,2,1
1254,2,ゲーム,1
1254,3,177,1
1254,4,334,1
1255,1,13,1
1255,2,2,1
1255,3,338,1
1255,4,ゲーム,1
1256,1,2,1
1256,2,343,1
1256,3,177,1
1256,4,ゲーム,1
1257,1,355,1
1257,2,15,1
1257,3,357,1
1257,4,ゲーム,1
1258,1,51,1
1258,2,2,1
1258,3,357,1
1259,1,3,1
1259,2,355,1
1259,3,178,1
1260,1,331,1
1260,2,レストラン,1
1260,3,332,1
1260,4,334,1
1261,1,26,1
1261,2,レストラン,1
1261,3,344,1
1261,4,347,1
1262,1,337,1
1262,2,レストラン,1
1262,3,339,1
1262,4,186,1
1263,1,331,1
1263,2,51,1
1263,3,332,1
1263,4,レストラン,1
1264,1,26,1
1264,2,331,1
1264,3,30,1
1264,4,レストラン,1
1265,1,337,1
1265,2,343,1
1265,3,339,1
1265,4,レストラン,1
1266,1,3,1
1266,2,13,1
1266,3,332,1
1267,1,13,1
1267,2,331,1
1267,3,184,1
1268,1,37,1
1268,2,195,1
1268,3,189,1
1268,4,353,1
1269,1,200,1
1269,2,357,1
1269,3,195,1
1269,4,359,1
1270,1,355,1
1270,2,チョコチップ,1
1270,3,201,1
1270,4,358,1
1271,1,37,1
1271,2,チョコチップ,1
1271,3,41,1
1271,4,352,1
1272,1,1,1
1272,2,チョコチップ,1
1272,3,178,1
1272,4,180,1
1273,1,37,1
1273,2,200,1
1273,3,41,1
1273,4,チョコチップ,1
1274,1,355,1
1274,2,1,1
1274,3,201,1
1274,4,チョコチップ,1
1275,1,1,1
1275,2,37,1
1275,3,178,1
1275,4,チョコチップ,1
1277,1,331,1
1277,2,37,1
1277,3,333,1
1277,1,1,1
1278,1,349,1
1278,2,個人主義,1
1278,3,42,1
1278,4,44,1
1279,1,343,1
1279,2,個人主義,1
1279,3,29,1
1279,4,191,1
1280,1,39,1
1280,2,343,1
1280,3,196,1
1281,1,27,1
1281,2,349,1
1281,3,189,1
1282,1,349,1
1282,2,40,1
1282,3,356,1
1282,4,198,1
1283,1,25,1
1283,2,189,1
1283,3,40,1
1283,4,346,1
1284,1,194,1
1284,2,お返し,1
1284,3,195,1
1284,4,44,1
1285,1,337,1
1285,2,お返し,1
1285,3,183,1
1285,4,340,1
1286,1,343,1
1286,2,お返し,1
1286,3,189,1
1286,4,347,1
1287,1,38,1
1287,2,337,1
1287,3,195,1
1287,4,お返し,1
1288,1,27,1
1288,2,194,1
1288,3,189,1
1288,4,お返し,1
1289,1,337,1
1289,2,49,1
1289,3,18,1
1289,4,お返し,1
1290,1,15,1
1290,2,194,1
1290,3,183,1
1291,1,343,1
1291,2,337,1
1291,3,344,1
1292,1,355,1
1292,2,春宵,1
1292,3,356,1
1292,4,57,1
1293,1,176,1
1293,2,春宵,1
1293,3,332,1
1293,4,180,1
1294,1,331,1
1294,2,355,1
1294,3,333,1
1295,1,200,1
1295,2,331,1
1295,3,201,1
1296,1,49,1
1296,2,202,1
1296,3,332,1
1296,4,203,1
1297,1,349,1
1297,2,350,1
1297,3,177,1
1297,4,43,1
1298,1,25,1
1298,2,交差点,1
1298,3,190,1
1298,4,347,1
1299,1,13,1
1299,2,交差点,1
1299,3,183,1
1299,4,340,1
1300,1,349,1
1300,2,交差点,1
1300,3,351,1
1300,4,352,1
1301,1,349,1
1301,2,25,1
1301,3,42,1
1301,4,交差点,1
1302,1,25,1
1302,2,50,1
1302,3,190,1
1302,4,交差点,1
1303,1,15,1
1303,2,50,1
1303,3,183,1
1303,4,交差点,1
1304,1,343,1
1304,2,349,1
1304,3,344,1
1305,1,194,1
1305,2,25,1
1305,3,42,1
1306,1,1,1
1306,2,ブランコ,1
1306,3,178,1
1306,4,335,1
1307,1,25,1
1307,2,ブランコ,1
1307,3,190,1
1307,4,192,1
1308,1,49,1
1308,2,ブランコ,1
1308,3,202,1
1308,4,358,1
1309,1,25,1
1309,2,349,1
1309,3,190,1
1309,4,ブランコ,1
1310,1,49,1
1310,2,25,1
1310,3,202,1
1310,4,ブランコ,1
1311,1,3,1
1311,2,49,1
1311,3,178,1
1311,4,ブランコ,1
1312,1,343,1
1312,2,49,1
1312,3,190,1
1313,1,50,1
1313,2,1,1
1313,3,52,1
1314,1,39,1
1314,2,182,1
1314,3,350,1
1315,1,2,1
1315,2,身代わり,1
1315,3,177,1
1315,4,335,1
1316,1,355,1
1316,2,身代わり,1
1316,3,357,1
1316,4,56,1
1317,1,38,1
1317,2,身代わり,1
1317,3,195,1
1317,4,43,1
1318,1,355,1
1318,2,14,1
1318,3,356,1
1318,4,身代わり,1
1319,1,2,1
1319,2,37,1
1319,3,177,1
1319,4,身代わり,1
1320,1,38,1
1320,2,15,1
1320,3,195,1
1320,4,身代わり,1
1321,1,331,1
1321,2,355,1
1321,3,333,1
1322,1,49,1
1322,2,38,1
1322,3,356,1
1323,1,200,1
1323,2,357,1
1323,3,184,1
1323,4,359,1
1324,1,37,1
1324,2,196,1
1324,3,332,1
1324,4,198,1
1325,1,337,1
1325,2,184,1
1325,3,196,1
1325,4,19,1
1326,1,176,1
1326,2,異世界,1
1326,3,178,1
1326,4,334,1
1327,1,194,1
1327,2,異世界,1
1327,3,40,1
1327,4,353,1
1328,1,26,1
1328,2,異世界,1
1328,3,190,1
1328,4,347,1
1329,1,26,1
1329,2,194,1
1329,3,190,1
1329,4,異世界,1
1330,1,194,1
1330,2,355,1
1330,3,40,1
1330,4,異世界,1
1331,1,3,1
1331,2,26,1
1331,3,178,1
1331,4,異世界,1
1332,1,343,1
1332,2,37,1
1332,3,28,1
1333,1,176,1
1333,2,26,1
1333,3,332,1
1334,1,14,1
1334,2,50,1
1334,3,339,1
1335,1,188,1
1335,2,28,1
1335,3,195,1
1335,4,347,1
1336,1,38,1
1336,2,195,1
1336,3,18,1
1336,4,198,1
1337,1,355,1
1337,2,暴食,1
1337,3,357,1
1337,4,359,1
1338,1,343,1
1338,2,暴食,1
1338,3,344,1
1338,4,191,1
1339,1,331,1
1339,2,暴食,1
1339,3,177,1
1339,4,8,1
1340,1,343,1
1340,2,194,1
1340,3,344,1
1340,4,暴食,1
1341,1,1,1
1341,2,343,1
1341,3,332,1
1341,4,暴食,1
1342,1,355,1
1342,2,331,1
1342,3,52,1
1342,4,暴食,1
1343,1,50,1
1343,2,343,1
1343,3,357,1
1344,1,25,1
1344,2,331,1
1344,3,29,1
1345,1,182,1
1345,2,お世話,1
1345,3,339,1
1345,4,341,1
1346,1,343,1
1346,2,お世話,1
1346,3,29,1
1346,4,192,1
1347,1,194,1
1347,2,お世話,1
1347,3,196,1
1347,4,45,1
1348,1,343,1
1348,2,182,1
1348,3,29,1
1348,4,お世話,1
1349,1,37,1
1349,2,1,1
1349,3,196,1
1349,4,お世話,1
1350,1,182,1
1350,2,355,1
1350,3,339,1
1350,4,お世話,1
1351,1,37,1
1351,2,27,1
1351,3,351,1
1352,1,182,1
1352,2,194,1
1352,3,338,1
1353,1,50,1
1353,2,176,1
1353,3,356,1
1354,1,182,1
1354,2,18,1
1354,3,333,1
1354,4,341,1
1355,1,3,1
1355,2,星逢,1
1355,3,177,1
1355,4,334,1
1356,1,27,1
1356,2,星逢,1
1356,3,345,1
1356,4,33,1
1357,1,194,1
1357,2,星逢,1
1357,3,195,1
1357,4,352,1
1358,1,38,1
1358,2,343,1
1358,3,195,1
1358,4,星逢,1
1359,1,331,1
1359,2,200,1
1359,3,177,1
1359,4,星逢,1
1360,1,27,1
1360,2,331,1
1360,3,345,1
1360,4,星逢,1
1361,1,38,1
1361,2,331,1
1361,3,351,1
1362,1,343,1
1362,2,194,1
1362,3,345,1
1363,1,331,1
1363,2,飼い主,1
1363,3,333,1
1363,4,179,1
1364,1,200,1
1364,2,飼い主,1
1364,3,356,1
1364,4,203,1
1365,1,2,1
1365,2,200,1
1365,3,332,1
1366,1,355,1
1366,2,331,1
1366,3,357,1
1367,1,38,1
1367,2,196,1
1367,3,333,1
1367,4,197,1
1368,1,15,1
1368,2,生贄,1
1368,3,338,1
1368,4,185,1
1369,1,355,1
1369,2,生贄,1
1369,3,357,1
1369,4,203,1
1370,1,349,1
1370,2,生贄,1
1370,3,351,1
1370,4,45,1
1371,1,349,1
1371,2,15,1
1371,3,351,1
1371,4,生贄,1
1372,1,355,1
1372,2,194,1
1372,3,357,1
1372,4,生贄,1
1373,1,13,1
1373,2,355,1
1373,3,338,1
1373,4,生贄,1
1374,1,13,1
1374,2,51,1
1374,3,184,1
1375,1,194,1
1375,2,15,1
1375,3,196,1
1376,1,3,1
1376,2,178,1
1376,3,183,1
1376,4,9,1
1377,1,3,1
1377,2,349,1
1377,3,178,1
1377,4,30,1
1378,1,3,1
1378,2,337,1
1378,3,333,1
1379,1,331,1
1379,2,343,1
1379,3,333,1
1380,1,337,1
1380,2,将来,1
1380,3,338,1
1380,4,19,1
1381,1,176,1
1381,2,将来,1
1381,3,177,1
1381,4,7,1
1382,1,182,1
1382,2,176,1
1382,3,338,1
1383,1,3,1
1383,2,337,1
1383,3,332,1
1384,1,51,1
1384,2,52,1
1384,3,183,1
1384,4,359,1
1385,1,25,1
1385,2,月桂樹,1
1385,3,345,1
1385,4,191,1
1386,1,349,1
1386,2,月桂樹,1
1386,3,195,1
1386,4,45,1
1387,1,13,1
1387,2,月桂樹,1
1387,3,338,1
1387,4,185,1
1388,1,182,1
1388,2,349,1
1388,3,338,1
1388,4,月桂樹,1
1389,1,26,1
1389,2,13,1
1389,3,345,1
1389,4,月桂樹,1
1390,1,349,1
1390,2,25,1
1390,3,195,1
1390,4,月桂樹,1
1391,1,25,1
1391,2,182,1
1391,3,344,1
1392,1,182,1
1392,2,194,1
1392,3,17,1
1393,1,188,1
1393,2,宿主,1
1393,3,345,1
1393,4,347,1
1394,1,50,1
1394,2,宿主,1
1394,3,357,1
1394,4,204,1
1395,1,1,1
1395,2,宿主,1
1395,3,6,1
1395,4,334,1
1396,1,1,1
1396,2,188,1
1396,3,6,1
1396,4,宿主,1
1397,1,188,1
1397,2,355,1
1397,3,345,1
1397,4,宿主,1
1398,1,50,1
1398,2,331,1
1398,3,357,1
1398,4,宿主,1
1399,1,50,1
1399,2,188,1
1399,3,356,1
1400,1,27,1
1400,2,1,1
1400,3,30,1
1401,1,200,1
1401,2,356,1
1401,3,28,1
1401,4,204,1
1402,1,200,1
1402,2,349,1
1402,3,356,1
1402,4,183,1
1403,1,355,1
1403,2,2,1
1403,3,357,1
1404,1,355,1
1404,2,15,1
1404,3,357,1
1405,1,3,1
1405,2,333,1
1405,3,339,1
1405,4,180,1
1406,1,38,1
1406,2,351,1
1406,3,333,1
1406,4,198,1
1407,1,331,1
1407,2,5,1
1407,3,183,1
1407,4,180,1
1408,1,200,1
1408,2,356,1
1408,3,41,1
1408,4,57,1
1409,1,337,1
1409,2,18,1
1409,3,189,1
1409,4,340,1
1410,1,38,1
1410,2,350,1
1410,3,177,1
1410,4,44,1
1411,1,343,1
1411,2,霊廟,1
1411,3,344,1
1411,4,192,1
1412,1,14,1
1412,2,霊廟,1
1412,3,184,1
1412,4,21,1
1413,1,2,1
1413,2,霊廟,1
1413,3,6,1
1413,4,334,1
1414,1,2,1
1414,2,337,1
1414,3,5,1
1414,4,霊廟,1
1415,1,343,1
1415,2,39,1
1415,3,344,1
1415,4,霊廟,1
1416,1,14,1
1416,2,343,1
1416,3,184,1
1416,4,霊廟,1
1417,1,27,1
1417,2,2,1
1417,3,29,1
1418,1,3,1
1418,2,343,1
1418,3,5,1
1419,1,343,1
1419,2,ブレンド,1
1419,3,345,1
1419,4,192,1
1420,1,176,1
1420,2,ブレンド,1
1420,3,177,1
1420,4,335,1
1421,1,50,1
1421,2,ブレンド,1
1421,3,52,1
1421,4,204,1
1422,1,50,1
1422,2,176,1
1422,3,357,1
1422,4,ブレンド,1
1423,1,343,1
1423,2,194,1
1423,3,345,1
1423,4,ブレンド,1
1424,1,2,1
1424,2,14,1
1424,3,177,1
1424,4,ブレンド,1
1425,1,176,1
1425,2,343,1
1425,3,333,1
1426,1,27,1
1426,2,355,1
1426,3,344,1
1427,1,39,1
1427,2,350,1
1427,3,184,1
1427,4,353,1
1428,1,2,1
1428,2,333,1
1428,3,350,1
1428,4,180,1
1429,1,39,1
1429,2,196,1
1429,3,184,1
1429,4,353,1
1430,1,49,1
1430,2,357,1
1430,3,345,1
1430,4,56,1
1431,1,337,1
1431,2,338,1
1431,3,196,1
1431,4,340,1
1432,1,188,1
1432,2,344,1
1432,3,333,1
1432,4,347,1
1433,1,39,1
1433,2,196,1
1433,3,183,1
1433,4,197,1
1434,1,13,1
1434,2,183,1
1434,3,6,1
1434,4,186,1
1435,1,343,1
1435,2,190,1
1435,3,357,1
1435,4,347,1
1436,1,355,1
1436,2,201,1
1436,3,195,1
1436,4,358,1
1437,1,331,1
1437,2,333,1
1437,3,190,1
1437,4,179,1
1438,1,349,1
1438,2,196,1
1438,3,333,1
1438,4,353,1
1439,1,331,1
1439,2,6,1
1439,3,338,1
1439,4,335,1
1440,1,13,1
1440,2,184,1
1440,3,344,1
1440,4,340,1
1441,1,343,1
1441,2,344,1
1441,3,201,1
1441,4,32,1
1442,1,200,1
1442,2,357,1
1442,3,345,1
1442,4,56,1
1443,1,188,1
1443,2,190,1
1443,3,184,1
1443,4,191,1
1444,1,349,1
1444,2,195,1
1444,3,357,1
1444,4,197,1
1445,1,3,1
1445,2,6,1
1445,3,195,1
1445,4,335,1
1446,1,337,1
1446,2,338,1
1446,3,201,1
1446,4,340,1
1447,1,3,1
1447,2,333,1
1447,3,345,1
1447,4,179,1
1448,1,355,1
1448,2,201,1
1448,3,183,1
1448,4,358,1
1449,1,343,1
1449,2,344,1
1449,3,196,1
1449,4,32,1
1450,1,349,1
1450,2,196,1
1450,3,201,1
1450,4,198,1
1451,1,337,1
1451,2,184,1
1451,3,190,1
1451,4,340,1
1452,1,200,1
1452,2,お疲れ様会,1
1452,3,52,1
1452,4,358,1
1453,1,182,1
1453,2,お疲れ様会,1
1453,3,184,1
1453,4,19,1
1454,1,194,1
1454,2,お疲れ様会,1
1454,3,350,1
1454,4,352,1
1455,1,339,1
1456,1,200,1
1456,2,194,1
1456,3,52,1
1456,4,お疲れ様会,1
1457,1,38,1
1457,2,182,1
1457,3,350,1
1457,4,お疲れ様会,1
1458,1,13,1
1458,2,194,1
1458,3,339,1
1459,1,51,1
1459,2,182,1
1459,3,356,1
1460,1,343,1
1460,2,29,1
1460,3,195,1
1460,4,31,1
1461,1,176,1
1461,2,5,1
1461,3,338,1
1461,4,7,1
1462,1,14,1
1462,2,339,1
1462,3,190,1
1462,4,341,1
1463,1,37,1
1463,2,350,1
1463,3,332,1
1463,4,198,1
1464,1,343,1
1464,2,30,1
1464,3,184,1
1464,4,346,1
1465,1,49,1
1465,2,本性,1
1465,3,356,1
1465,4,358,1
1466,1,2,1
1466,2,本性,1
1466,3,333,1
1466,4,334,1
1467,1,331,1
1467,2,49,1
1467,3,332,1
1468,1,51,1
1468,2,2,1
1468,3,357,1
1469,1,13,1
1469,2,339,1
1469,3,332,1
1469,4,340,1
1470,1,13,1
1470,2,343,1
1470,3,339,1
1470,4,350,1
1471,1,14,1
1471,2,355,1
1471,3,183,1
1472,1,337,1
1472,2,50,1
1472,3,338,1
