card_id,level,characteristic_id,value,manually_added
1,35,27,1,
1,45,2,1,
1,55,4,1,
1,70,53,1,
2,15,13,1,
2,30,29,1,
2,55,17,1,
2,70,21,1,
3,15,38,1,
3,30,16,1,
3,55,40,1,
3,70,45,1,
4,15,30,1,
4,40,43,1,
4,65,32,1,
4,75,35,1,
5,15,6,1,
5,40,20,1,
5,65,9,1,
5,75,11,1,
6,30,33,1,
6,55,55,1,
6,75,58,1,
6,100,12,1,
7,35,27,1,
7,45,3,1,
7,55,5,1,
7,70,18,1,
8,15,37,1,
8,30,29,1,
8,55,41,1,
8,70,45,1,
9,15,50,1,
9,30,4,1,
9,55,53,1,
9,70,55,1,
10,15,16,1,
10,40,8,1,
10,65,21,1,
10,75,24,1,
11,15,30,1,
11,40,19,1,
11,65,32,1,
11,75,36,1,
12,30,43,1,
12,55,9,1,
12,75,11,1,
12,100,60,1,
13,35,13,1,
13,45,39,1,
13,55,40,1,
13,70,52,1,
14,15,25,1,
14,30,41,1,
14,55,28,1,
14,70,31,1,
15,15,1,1,
15,30,17,1,
15,55,5,1,
15,70,8,1,
16,15,54,1,
16,40,20,1,
16,65,56,1,
16,75,58,1,
17,15,18,1,
17,40,57,1,
17,65,21,1,
17,75,24,1,
18,30,44,1,
18,55,33,1,
18,75,34,1,
18,100,46,1,
19,35,39,1,
19,45,27,1,
19,55,29,1,
19,70,41,1,
20,15,49,1,
20,30,17,1,
20,55,52,1,
20,70,55,1,
21,15,26,1,
21,30,54,1,
21,55,28,1,
21,70,33,1,
22,15,4,1,
22,40,21,1,
22,65,8,1,
22,75,12,1,
23,15,42,1,
23,40,7,1,
23,65,44,1,
23,75,48,1,
24,30,57,1,
24,55,20,1,
24,75,22,1,
24,100,10,1,
25,35,49,1,
25,45,15,1,
25,55,16,1,
25,70,30,1,
26,15,3,1,
26,30,41,1,
26,55,6,1,
26,70,8,1,
27,15,15,1,
27,30,5,1,
27,55,17,1,
27,70,21,1,
28,15,53,1,
28,40,7,1,
28,65,55,1,
28,75,59,1,
29,15,28,1,
29,40,44,1,
29,65,33,1,
29,75,35,1,
30,30,32,1,
30,55,45,1,
30,75,48,1,
30,100,12,1,
31,35,3,1,
31,45,50,1,
31,55,53,1,
31,70,6,1,
32,15,26,1,
32,30,52,1,
32,55,29,1,
32,70,31,1,
33,15,38,1,
33,30,16,1,
33,55,42,1,
33,70,44,1,
34,15,40,1,
34,40,57,1,
34,65,43,1,
34,75,46,1,
35,15,5,1,
35,40,20,1,
35,65,9,1,
35,75,10,1,
36,30,32,1,
36,55,19,1,
36,75,24,1,
36,100,12,1,
37,35,38,1,
37,45,49,1,
37,55,53,1,
37,70,28,1,
38,15,26,1,
38,30,52,1,
38,55,30,1,
38,70,32,1,
39,15,1,1,
39,30,17,1,
39,55,4,1,
39,70,7,1,
40,15,42,1,
40,40,20,1,
40,65,44,1,
40,75,47,1,
41,15,16,1,
41,40,8,1,
41,65,21,1,
41,75,22,1,
42,30,45,1,
42,55,55,1,
42,75,60,1,
42,100,36,1,
43,35,2,1,
43,45,13,1,
43,55,18,1,
43,70,40,1,
44,15,38,1,
44,30,29,1,
44,55,42,1,
44,70,44,1,
45,15,14,1,
45,30,53,1,
45,55,18,1,
45,70,19,1,
46,15,4,1,
46,40,55,1,
46,65,7,1,
46,75,11,1,
47,15,52,1,
47,40,9,1,
47,65,56,1,
47,75,59,1,
48,30,57,1,
48,55,31,1,
48,75,36,1,
48,100,48,1,
49,35,26,1,
49,45,3,1,
49,55,4,1,
49,70,42,1,
50,15,50,1,
50,30,27,1,
50,55,52,1,
50,70,55,1,
51,15,13,1,
51,30,5,1,
51,55,16,1,
51,70,19,1,
52,15,29,1,
52,40,9,1,
52,65,31,1,
52,75,34,1,
53,15,54,1,
53,40,20,1,
53,65,56,1,
53,75,59,1,
54,30,33,1,
54,55,43,1,
54,75,48,1,
54,100,24,1,
55,35,39,1,
55,45,2,1,
55,55,4,1,
55,70,16,1,
56,15,51,1,
56,30,30,1,
56,55,54,1,
56,70,57,1,
57,15,3,1,
57,30,41,1,
57,55,6,1,
57,70,9,1,
58,15,41,1,
58,40,21,1,
58,65,45,1,
58,75,34,1,
59,15,17,1,
59,40,7,1,
59,65,19,1,
59,75,22,1,
60,30,43,1,
60,55,33,1,
60,75,35,1,
60,100,23,1,
61,35,15,1,
61,45,38,1,
61,55,42,1,
61,70,54,1,
62,15,1,1,
62,30,28,1,
62,55,6,1,
62,70,9,1,
63,15,51,1,
63,30,16,1,
63,55,52,1,
63,70,56,1,
64,15,29,1,
64,40,20,1,
64,65,31,1,
64,75,35,1,
65,15,17,1,
65,40,33,1,
65,65,19,1,
65,75,22,1,
66,30,57,1,
66,55,43,1,
66,75,46,1,
66,100,34,1,
67,35,3,1,
67,45,39,1,
67,55,40,1,
67,70,4,1,
68,15,14,1,
68,30,30,1,
68,55,18,1,
68,70,21,1,
69,15,51,1,
69,30,41,1,
69,55,54,1,
69,70,56,1,
70,15,28,1,
70,40,9,1,
70,65,33,1,
70,75,36,1,
71,15,5,1,
71,40,19,1,
71,65,7,1,
71,75,11,1,
72,30,45,1,
72,55,57,1,
72,75,60,1,
72,100,47,1,
73,35,51,1,
73,45,15,1,
73,55,17,1,
73,70,6,1,
74,15,27,1,
74,30,53,1,
74,55,30,1,
74,70,32,1,
75,15,37,1,
75,30,28,1,
75,55,40,1,
75,70,43,1,
76,15,18,1,
76,40,56,1,
76,65,20,1,
76,75,22,1,
77,15,54,1,
77,40,33,1,
77,65,55,1,
77,75,58,1,
78,30,45,1,
78,55,8,1,
78,75,10,1,
78,100,46,1,
79,35,51,1,
79,45,13,1,
79,55,18,1,
79,70,53,1,
80,15,1,1,
80,30,28,1,
80,55,6,1,
80,70,7,1,
81,15,49,1,
81,30,17,1,
81,55,52,1,
81,70,57,1,
82,15,29,1,
82,40,9,1,
82,65,31,1,
82,75,35,1,
83,15,41,1,
83,40,56,1,
83,65,44,1,
83,75,48,1,
84,30,21,1,
84,55,45,1,
84,75,46,1,
84,100,59,1,
85,35,1,1,
85,45,14,1,
85,55,18,1,
85,70,40,1,
86,15,26,1,
86,30,5,1,
86,55,30,1,
86,70,31,1,
87,15,38,1,
87,30,53,1,
87,55,42,1,
87,70,44,1,
88,15,4,1,
88,40,31,1,
88,65,7,1,
88,75,10,1,
89,15,54,1,
89,40,21,1,
89,65,55,1,
89,75,60,1,
90,30,45,1,
90,55,19,1,
90,75,23,1,
90,100,58,1,
91,35,50,1,
91,45,25,1,
91,55,28,1,
91,70,6,1,
92,15,49,1,
92,30,18,1,
92,55,53,1,
92,70,57,1,
93,15,38,1,
93,30,29,1,
93,55,42,1,
93,70,43,1,
94,15,16,1,
94,40,32,1,
94,65,20,1,
94,75,23,1,
95,15,41,1,
95,40,55,1,
95,65,44,1,
95,75,48,1,
96,30,56,1,
96,55,8,1,
96,75,10,1,
96,100,60,1,
97,35,39,1,
97,45,50,1,
97,55,53,1,
97,70,18,1,
98,15,1,1,
98,30,28,1,
98,55,6,1,
98,70,8,1,
99,15,14,1,
99,30,42,1,
99,55,17,1,
99,70,21,1,
100,15,40,1,
100,40,31,1,
100,65,44,1,
100,75,47,1,
101,15,30,1,
101,40,45,1,
101,65,32,1,
101,75,34,1,
102,30,7,1,
102,55,55,1,
102,75,58,1,
102,100,36,1,
103,35,27,1,
103,45,51,1,
103,55,52,1,
103,70,6,1,
104,15,1,1,
104,30,40,1,
104,55,5,1,
104,70,9,1,
105,15,26,1,
105,30,17,1,
105,55,30,1,
105,70,31,1,
106,15,54,1,
106,40,8,1,
106,65,57,1,
106,75,59,1,
107,15,18,1,
107,40,56,1,
107,65,21,1,
107,75,23,1,
108,30,31,1,
108,55,45,1,
108,75,47,1,
108,100,11,1,
109,35,49,1,
109,45,26,1,
109,55,30,1,
109,70,4,1,
110,15,14,1,
110,30,53,1,
110,55,18,1,
110,70,20,1,
111,15,38,1,
111,30,54,1,
111,55,42,1,
111,70,44,1,
112,15,5,1,
112,40,43,1,
112,65,9,1,
112,75,11,1,
113,15,52,1,
113,40,7,1,
113,65,55,1,
113,75,60,1,
114,30,56,1,
114,55,31,1,
114,75,36,1,
114,100,23,1,
115,35,2,1,
115,45,39,1,
115,55,41,1,
115,70,54,1,
116,15,14,1,
116,30,53,1,
116,55,17,1,
116,70,21,1,
117,15,27,1,
117,30,5,1,
117,55,28,1,
117,70,32,1,
118,15,6,1,
118,40,57,1,
118,65,8,1,
118,75,10,1,
119,15,28,1,
119,40,43,1,
119,65,33,1,
119,75,35,1,
120,30,31,1,
120,55,19,1,
120,75,24,1,
120,100,47,1,
121,35,49,1,
121,45,27,1,
121,55,29,1,
121,70,5,1,
122,15,50,1,
122,30,30,1,
122,55,52,1,
122,70,57,1,
123,15,3,1,
123,30,18,1,
123,55,6,1,
123,70,8,1,
124,15,42,1,
124,40,20,1,
124,65,44,1,
124,75,46,1,
125,15,17,1,
125,40,33,1,
125,65,19,1,
125,75,24,1,
126,30,43,1,
126,55,7,1,
126,75,12,1,
126,100,22,1,
127,30,57,2,
127,55,9,4,
127,75,100,3,
127,100,12,3,
128,30,19,2,
128,55,32,4,
128,75,101,3,
128,100,34,3,
129,30,20,2,
129,55,19,4,
129,75,103,3,
129,100,24,3,
130,30,8,2,
130,55,9,4,
130,75,103,3,
130,100,10,3,
131,30,19,2,
131,55,20,4,
131,75,102,3,
131,100,23,3,
132,30,43,2,
132,55,45,4,
132,75,102,3,
132,100,46,3,
133,15,4,2,
133,40,104,1,
133,65,8,3,
133,75,103,1,
134,15,42,2,
134,40,104,1,
134,65,43,3,
134,75,102,1,
135,15,1,4,
135,30,16,3,
135,55,6,1,
135,70,104,1,
136,15,13,4,
136,30,40,3,
136,55,16,1,
136,70,104,1,
137,30,9,2,
137,55,33,4,
137,75,105,3,
137,100,34,3,
138,30,7,2,
138,55,57,4,
138,75,105,3,
138,100,59,3,
139,30,32,2,
139,55,8,4,
139,75,105,3,
139,100,11,3,
140,30,56,2,
140,55,8,4,
140,75,105,3,
140,100,12,3,
141,15,30,3,
141,40,21,1,
141,65,32,3,
141,75,105,1,
142,15,53,2,
142,40,45,1,
142,65,56,3,
142,75,105,1,
143,15,51,4,
143,30,107,3,
143,55,54,1,
143,70,55,1,
144,15,2,4,
144,30,107,3,
144,55,6,1,
144,70,7,1,
145,30,33,2,
145,55,20,4,
145,75,108,3,
145,100,23,3,
356,15,3,1,
356,30,28,1,
356,55,5,1,
356,70,8,1,
146,30,55,2,
146,55,45,4,
146,75,109,3,
146,100,46,3,
147,30,45,2,
147,55,57,4,
147,75,109,3,
147,100,59,3,
148,30,57,2,
148,55,20,4,
148,75,109,3,
148,100,22,3,
149,30,20,2,
149,55,55,4,
149,75,109,3,
149,100,60,3,
150,15,17,2,
150,40,57,1,
150,65,20,3,
150,75,109,1,
151,15,42,2,
151,40,21,1,
151,65,43,3,
151,75,109,1,
152,15,51,4,
152,30,111,3,
152,55,54,1,
152,70,55,1,
153,15,14,4,
153,30,111,3,
153,55,16,1,
153,70,21,1,
154,15,37,4,
154,30,111,3,
154,55,40,1,
154,70,45,1,
155,30,21,2,
155,55,32,4,
155,75,112,3,
155,100,35,3,
156,30,19,2,
156,55,45,4,
156,75,112,3,
156,100,48,3,
157,30,7,2,
157,55,31,4,
157,75,112,3,
157,100,36,3,
158,30,45,2,
158,55,19,4,
158,75,112,3,
158,100,23,3,
159,15,18,2,
159,40,32,1,
159,65,21,3,
159,75,112,1,
160,15,30,2,
160,40,7,1,
160,65,31,3,
160,75,112,1,
161,15,15,4,
161,30,114,3,
161,55,16,1,
161,70,19,1,
162,15,39,4,
162,30,114,3,
162,55,41,1,
162,70,45,1,
163,30,44,2,
163,55,19,4,
163,75,115,3,
163,100,24,3,
164,30,9,2,
164,55,33,4,
164,75,116,3,
164,100,36,3,
165,30,33,2,
165,55,8,4,
165,75,117,3,
165,100,11,3,
166,30,56,2,
166,55,33,4,
166,75,117,3,
166,100,34,3,
167,30,19,2,
167,55,9,4,
167,75,117,3,
167,100,12,3,
168,30,20,2,
168,55,56,4,
168,75,117,3,
168,100,59,3,
169,30,20,2,
169,55,31,4,
169,75,117,3,
169,100,35,3,
170,15,5,2,
170,40,33,1,
170,65,7,3,
170,75,117,1,
171,15,54,2,
171,40,19,1,
171,65,56,3,
171,75,117,1,
172,15,50,4,
172,30,119,3,
172,55,52,1,
172,70,57,1,
173,15,27,4,
173,30,119,3,
173,55,28,1,
173,70,31,1,
174,30,32,2,
174,55,45,4,
174,75,121,3,
174,100,47,3,
175,30,21,2,
175,55,57,4,
175,75,121,3,
175,100,60,3,
176,30,43,2,
176,55,8,4,
176,75,121,3,
176,100,11,3,
177,15,41,2,
177,40,56,1,
177,65,43,3,
177,75,121,1,
178,15,52,2,
178,40,31,1,
178,65,56,3,
178,75,121,1,
179,15,6,2,
179,40,20,1,
179,65,9,3,
179,75,121,1,
180,15,38,4,
180,30,122,3,
180,55,42,1,
180,70,43,1,
181,15,2,4,
181,30,122,3,
181,55,4,1,
181,70,9,1,
182,30,19,2,
182,55,45,4,
182,75,123,3,
182,100,47,3,
183,30,55,2,
183,55,8,4,
183,75,124,3,
183,100,12,3,
184,30,44,2,
184,55,57,4,
184,75,125,3,
184,100,58,3,
185,30,21,2,
185,55,32,4,
185,75,125,3,
185,100,35,3,
186,30,7,2,
186,55,20,4,
186,75,125,3,
186,100,22,3,
187,15,16,2,
187,40,43,1,
187,65,21,3,
187,75,125,1,
188,15,54,2,
188,40,9,1,
188,65,56,3,
188,75,125,1,
189,15,28,2,
189,40,57,1,
189,65,33,3,
189,75,125,1,
190,15,26,4,
190,30,126,3,
190,55,30,1,
190,70,32,1,
191,15,13,4,
191,30,126,3,
191,55,16,1,
191,70,20,1,
192,30,44,2,
192,55,31,4,
192,75,127,3,
192,100,34,3,
193,30,32,2,
193,55,9,4,
193,75,127,3,
193,100,10,3,
194,30,43,2,
194,55,21,4,
194,75,127,3,
194,100,22,3,
195,15,18,2,
195,40,57,1,
195,65,19,3,
195,75,127,1,
196,15,28,2,
196,40,56,1,
196,65,33,3,
196,75,127,1,
197,15,5,2,
197,40,44,1,
197,65,7,3,
197,75,127,1,
198,15,25,4,
198,30,128,3,
198,55,29,1,
198,70,31,1,
199,15,14,4,
199,30,128,3,
199,55,16,1,
199,70,19,1,
200,30,44,2,
200,55,56,4,
200,75,131,3,
200,100,58,3,
201,30,45,2,
201,55,33,4,
201,75,132,3,
201,100,36,3,
202,30,8,2,
202,55,32,4,
202,75,133,3,
202,100,34,3,
203,30,55,2,
203,55,45,4,
203,75,133,3,
203,100,48,3,
204,30,20,2,
204,55,9,4,
204,75,133,3,
204,100,12,3,
205,15,5,2,
205,40,55,1,
205,65,8,3,
205,75,133,1,
206,15,42,2,
206,40,57,1,
206,65,43,3,
206,75,133,1,
207,15,30,2,
207,40,20,1,
207,65,33,3,
207,75,133,1,
208,15,39,4,
208,30,134,3,
208,55,40,1,
208,70,45,1,
209,15,25,4,
209,30,134,3,
209,55,28,1,
209,70,32,1,
210,15,2,4,
210,30,134,3,
210,55,5,1,
210,70,8,1,
211,30,45,2,
211,55,32,4,
211,75,135,3,
211,100,34,3,
212,30,8,2,
212,55,57,4,
212,75,135,3,
212,100,60,3,
213,30,9,2,
213,55,21,4,
213,75,135,3,
213,100,24,3,
214,15,18,2,
214,40,55,1,
214,65,21,3,
214,75,135,1,
215,15,54,2,
215,40,45,1,
215,65,55,3,
215,75,135,1,
216,15,28,2,
216,40,44,1,
216,65,31,3,
216,75,135,1,
217,15,25,4,
217,30,136,3,
217,55,29,1,
217,70,32,1,
218,15,49,4,
218,30,136,3,
218,55,53,1,
218,70,56,1,
219,30,7,2,
219,55,20,4,
219,75,138,3,
219,100,22,3,
220,30,33,2,
220,55,44,4,
220,75,139,3,
220,100,48,3,
221,30,44,2,
221,55,57,4,
221,75,137,3,
221,100,58,3,
222,30,9,2,
222,55,43,4,
222,75,140,3,
222,100,47,3,
223,30,32,2,
223,55,56,4,
223,75,140,3,
223,100,59,3,
224,30,44,2,
224,55,8,4,
224,75,140,3,
224,100,10,3,
225,15,4,2,
225,40,33,1,
225,65,7,3,
225,75,140,1,
226,15,40,2,
226,40,8,1,
226,65,44,3,
226,75,140,1,
227,15,53,2,
227,40,19,1,
227,65,57,3,
227,75,140,1,
228,15,38,4,
228,30,141,3,
228,55,41,1,
228,70,43,1,
229,15,2,4,
229,30,141,3,
229,55,5,1,
229,70,7,1,
230,30,55,2,
230,55,7,4,
230,75,142,3,
230,100,11,3,
231,30,31,2,
231,55,19,4,
231,75,142,3,
231,100,23,3,
232,30,21,2,
232,55,45,4,
232,75,142,3,
232,100,46,3,
233,15,16,2,
233,40,55,1,
233,65,21,3,
233,75,142,1,
234,15,41,2,
234,40,9,1,
234,65,43,3,
234,75,142,1,
235,15,6,2,
235,40,20,1,
235,65,9,3,
235,75,142,1,
236,15,15,4,
236,30,143,3,
236,55,17,1,
236,70,19,1,
237,15,39,4,
237,30,143,3,
237,55,40,1,
237,70,44,1,
238,30,57,2,
238,55,31,4,
238,75,144,3,
238,100,36,3,
239,30,33,2,
239,55,56,4,
239,75,145,3,
239,100,58,3,
240,30,43,2,
240,55,55,4,
240,75,146,3,
240,100,60,3,
241,30,8,2,
241,55,19,4,
241,75,146,3,
241,100,22,3,
242,30,56,2,
242,55,33,4,
242,75,146,3,
242,100,35,3,
243,15,52,2,
243,40,19,1,
243,65,55,3,
243,75,146,1,
244,15,28,2,
244,40,8,1,
244,65,31,3,
244,75,146,1,
245,15,17,2,
245,40,9,1,
245,65,21,3,
245,75,146,1,
246,15,14,4,
246,30,147,3,
246,55,16,1,
246,70,21,1,
247,15,50,4,
247,30,147,3,
247,55,52,1,
247,70,55,1,
248,30,45,2,
248,55,57,4,
248,75,148,3,
248,100,59,3,
249,30,20,2,
249,55,9,4,
249,75,148,3,
249,100,10,3,
250,30,33,2,
250,55,43,4,
250,75,148,3,
250,100,47,3,
251,15,53,2,
251,40,7,1,
251,65,57,3,
251,75,148,1,
252,15,4,2,
252,40,32,1,
252,65,8,3,
252,75,148,1,
253,15,40,2,
253,40,20,1,
253,65,45,3,
253,75,148,1,
254,15,38,4,
254,30,149,3,
254,55,41,1,
254,70,45,1,
255,15,1,4,
255,30,149,3,
255,55,6,1,
255,70,7,1,
256,30,44,2,
256,55,20,4,
256,75,150,3,
256,100,24,3,
257,30,56,2,
257,55,31,4,
257,75,151,3,
257,100,36,3,
258,30,8,2,
258,55,45,4,
258,75,151,3,
258,100,46,3,
259,30,33,2,
259,55,56,4,
259,75,151,3,
259,100,58,3,
260,15,30,2,
260,40,19,1,
260,65,32,3,
260,75,151,1,
261,15,54,2,
261,40,8,1,
261,65,57,3,
261,75,151,1,
262,15,42,2,
262,40,57,1,
262,65,44,3,
262,75,151,1,
263,15,26,4,
263,30,152,3,
263,55,28,1,
263,70,32,1,
264,15,39,4,
264,30,152,3,
264,55,52,1,
264,70,44,1,
265,30,43,2,
265,55,20,4,
265,75,153,3,
265,100,22,3,
266,30,56,2,
266,55,7,4,
266,75,153,3,
266,100,11,3,
267,30,43,2,
267,55,32,4,
267,75,153,3,
267,100,34,3,
268,15,18,2,
268,40,56,1,
268,65,21,3,
268,75,153,1,
269,15,28,2,
269,40,43,1,
269,65,31,3,
269,75,153,1,
270,15,6,2,
270,40,56,1,
270,65,9,3,
270,75,153,1,
271,15,3,4,
271,30,154,3,
271,55,4,1,
271,70,8,1,
272,15,25,4,
272,30,154,3,
272,55,29,1,
272,70,31,1,
273,30,33,2,
273,55,44,4,
273,75,155,3,
273,100,46,3,
274,30,55,2,
274,55,33,4,
274,75,156,3,
274,100,34,3,
275,30,32,2,
275,55,8,4,
275,75,156,3,
275,100,12,3,
276,30,19,2,
276,55,43,4,
276,75,156,3,
276,100,48,3,
277,15,6,2,
277,40,55,1,
277,65,9,3,
277,75,156,1,
278,15,29,2,
278,40,19,1,
278,65,33,3,
278,75,156,1,
279,15,41,2,
279,40,55,1,
279,65,45,3,
279,75,156,1,
280,15,38,4,
280,30,157,3,
280,55,40,1,
280,70,45,1,
281,15,26,4,
281,30,157,3,
281,55,30,1,
281,70,33,1,
282,15,2,4,
282,30,157,3,
282,55,4,1,
282,70,9,1,
283,30,45,2,
283,55,19,4,
283,75,158,3,
283,100,23,3,
284,30,20,2,
284,55,33,4,
284,75,158,3,
284,100,36,3,
285,30,31,2,
285,55,44,4,
285,75,158,3,
285,100,46,3,
286,15,16,2,
286,40,45,1,
286,65,20,3,
286,75,158,1,
287,15,29,2,
287,40,8,1,
287,65,31,3,
287,75,158,1,
288,15,40,2,
288,40,19,1,
288,65,45,3,
288,75,158,1,
289,15,13,4,
289,30,159,3,
289,55,18,1,
289,70,20,1,
290,15,26,4,
290,30,159,3,
290,55,30,1,
290,70,31,1,
291,30,20,2,
291,55,43,4,
291,75,160,3,
291,100,47,3,
292,30,33,2,
292,55,57,4,
292,75,161,3,
292,100,60,3,
293,30,57,2,
293,55,20,4,
293,75,161,3,
293,100,22,3,
294,30,19,2,
294,55,44,4,
294,75,161,3,
294,100,47,3,
295,15,52,2,
295,40,45,1,
295,65,55,3,
295,75,161,1,
296,15,40,2,
296,40,55,1,
296,65,45,3,
296,75,161,1,
297,15,17,2,
297,40,7,1,
297,65,19,3,
297,75,161,1,
298,15,49,4,
298,30,162,3,
298,55,54,1,
298,70,55,1,
299,15,13,4,
299,30,162,3,
299,55,18,1,
299,70,19,1,
300,30,55,2,
300,55,9,4,
300,75,163,3,
300,100,12,3,
301,30,7,2,
301,55,19,4,
301,75,163,3,
301,100,22,3,
302,30,20,2,
302,55,56,4,
302,75,163,3,
302,100,58,3,
303,15,5,2,
303,40,20,1,
303,65,7,3,
303,75,163,1,
304,15,52,2,
304,40,7,1,
304,65,55,3,
304,75,163,1,
305,15,16,2,
305,40,55,1,
305,65,20,3,
305,75,163,1,
306,15,15,4,
306,30,164,3,
306,55,17,1,
306,70,20,1,
307,15,50,4,
307,30,164,3,
307,55,54,1,
307,70,55,1,
308,30,32,2,
308,55,9,4,
308,75,166,3,
308,100,10,3,
309,30,21,2,
309,55,43,4,
309,75,167,3,
309,100,48,3,
310,30,44,2,
310,55,32,4,
310,75,168,3,
310,100,35,3,
311,30,31,2,
311,55,9,4,
311,75,168,3,
311,100,11,3,
312,30,21,2,
312,55,57,4,
312,75,168,3,
312,100,59,3,
313,15,6,2,
313,40,56,1,
313,65,8,3,
313,75,168,1,
314,15,30,2,
314,40,57,1,
314,65,31,3,
314,75,168,1,
315,15,54,2,
315,40,21,1,
315,65,56,3,
315,75,168,1,
316,15,2,4,
316,30,169,3,
316,55,4,1,
316,70,8,1,
317,15,27,4,
317,30,169,3,
317,55,28,1,
317,70,31,1,
318,30,8,2,
318,55,19,4,
318,75,170,3,
318,100,23,3,
319,30,32,2,
319,55,43,4,
319,75,170,3,
319,100,46,3,
320,30,33,2,
320,55,7,4,
320,75,170,3,
320,100,10,3,
321,15,18,2,
321,40,44,1,
321,65,21,3,
321,75,170,1,
322,15,42,2,
322,40,7,1,
322,65,44,3,
322,75,170,1,
323,15,6,2,
323,40,31,1,
323,65,8,3,
323,75,170,1,
324,15,13,4,
324,30,171,3,
324,55,16,1,
324,70,21,1,
325,15,3,4,
325,30,171,3,
325,55,5,1,
325,70,8,1,
326,30,32,2,
326,55,20,4,
326,75,172,3,
326,100,24,3,
327,30,33,2,
327,55,7,4,
327,75,173,3,
327,100,10,3,
328,30,43,2,
328,55,19,4,
328,75,174,3,
328,100,23,3,
329,30,32,2,
329,55,44,4,
329,75,174,3,
329,100,48,3,
330,30,21,2,
330,55,32,4,
330,75,174,3,
330,100,34,3,
331,15,16,2,
331,40,57,1,
331,65,21,3,
331,75,174,1,
332,15,30,2,
332,40,43,1,
332,65,33,3,
332,75,174,1,
333,15,41,2,
333,40,33,1,
333,65,43,3,
333,75,174,1,
334,15,15,4,
334,30,175,3,
334,55,18,1,
334,70,21,1,
335,15,27,4,
335,30,175,3,
335,55,29,1,
335,70,33,1,
336,15,39,4,
336,30,175,3,
336,55,42,1,
336,70,43,1,
357,30,198,2,
357,55,20,4,
357,75,206,3,
357,100,23,3,
358,30,8,2,
358,55,203,4,
358,75,206,3,
358,100,58,3,
359,30,191,2,
359,55,19,4,
359,75,208,3,
359,100,23,3,
360,30,45,2,
360,55,192,4,
360,75,211,3,
360,100,36,3,
361,30,44,2,
361,55,57,4,
361,75,215,3,
361,100,59,3,
362,30,32,2,
362,55,197,4,
362,75,215,3,
362,100,46,3,
363,30,179,2,
363,55,31,4,
363,75,210,3,
363,100,36,3,
364,30,57,2,
364,55,197,4,
364,75,208,3,
364,100,47,3,
365,30,185,2,
365,55,9,4,
365,75,213,3,
365,100,11,3,
366,30,186,2,
366,55,203,4,
366,75,214,3,
366,100,60,3,
367,30,55,2,
367,55,198,4,
367,75,207,3,
367,100,48,3,
368,30,186,2,
368,55,7,4,
368,75,207,3,
368,100,10,3,
369,30,180,2,
369,55,19,4,
369,75,213,3,
369,100,23,3,
370,30,44,2,
370,55,179,4,
370,75,212,3,
370,100,12,3,
371,30,8,2,
371,55,191,4,
371,75,212,3,
371,100,36,3,
372,30,192,2,
372,55,56,4,
372,75,209,3,
372,100,60,3,
373,30,203,2,
373,55,31,4,
373,75,209,3,
373,100,34,3,
374,30,185,2,
374,55,44,4,
374,75,215,3,
374,100,46,3,
375,30,56,2,
375,55,185,4,
375,75,210,3,
375,100,22,3,
376,30,43,2,
376,55,204,4,
376,75,214,3,
376,100,58,3,
377,30,32,2,
377,55,180,4,
377,75,211,3,
377,100,12,3,
378,30,7,2,
378,55,33,4,
378,75,216,3,
378,100,193,3,
379,30,55,2,
379,55,21,4,
379,75,217,3,
379,100,187,3,
380,30,9,2,
380,55,56,4,
380,75,218,3,
380,100,205,3,
381,30,204,2,
381,55,20,4,
381,75,218,3,
381,100,24,3,
382,30,19,2,
382,55,198,4,
382,75,218,3,
382,100,48,3,
383,15,201,2,
383,40,33,1,
383,65,204,3,
383,75,218,1,
384,15,17,2,
384,40,197,1,
384,65,19,3,
384,75,218,1,
385,15,195,2,
385,40,204,1,
385,65,44,3,
385,75,218,1,
386,15,51,4,
386,30,219,3,
386,55,54,1,
386,70,204,1,
387,15,37,4,
387,30,219,3,
387,55,41,1,
387,70,44,1,
388,30,57,2,
388,55,179,4,
388,75,220,3,
388,100,11,3,
389,30,8,2,
389,55,20,4,
389,75,220,3,
389,100,187,3,
390,30,33,2,
390,55,203,4,
390,75,220,3,
390,100,205,3,
391,15,5,2,
391,40,31,1,
391,65,8,3,
391,75,220,1,
392,15,18,2,
392,40,57,1,
392,65,186,3,
392,75,220,1,
393,15,202,2,
393,40,9,1,
393,65,57,3,
393,75,220,1,
394,15,49,4,
394,30,221,3,
394,55,52,1,
394,70,57,1,
395,15,176,4,
395,30,221,3,
395,55,178,1,
395,70,8,1,
396,30,7,2,
396,55,192,4,
396,75,222,3,
396,100,193,3,
397,30,185,2,
397,55,180,4,
397,75,181,3,
397,100,205,3,
398,30,186,2,
398,55,203,4,
398,75,205,3,
398,100,199,3,
399,30,191,2,
399,55,179,4,
399,75,181,3,
399,100,187,3,
400,30,203,2,
400,55,186,4,
400,75,187,3,
400,100,199,3,
401,30,191,2,
401,55,8,4,
401,75,223,3,
401,100,181,3,
402,30,55,2,
402,55,33,4,
402,75,223,3,
402,100,193,3,
403,30,191,2,
403,55,197,4,
403,75,223,3,
403,100,47,3,
404,15,190,2,
404,40,7,1,
404,65,191,3,
404,75,223,1,
405,15,41,2,
405,40,192,1,
405,65,45,3,
405,75,223,1,
406,15,4,2,
406,40,45,1,
406,65,179,3,
406,75,223,1,
407,15,3,4,
407,30,224,3,
407,55,178,1,
407,70,179,1,
408,15,25,4,
408,30,224,3,
408,55,29,1,
408,70,191,1,
409,30,185,2,
409,55,204,4,
409,75,225,3,
409,100,59,3,
410,30,192,2,
410,55,44,4,
410,75,225,3,
410,100,199,3,
411,30,198,2,
411,55,7,4,
411,75,225,3,
411,100,10,3,
412,15,52,2,
412,40,197,1,
412,65,57,3,
412,75,225,1,
413,15,41,2,
413,40,7,1,
413,65,198,3,
413,75,225,1,
414,15,177,2,
414,40,57,1,
414,65,180,3,
414,75,225,1,
415,15,51,4,
415,30,226,3,
415,55,201,1,
415,70,57,1,
416,15,194,4,
416,30,226,3,
416,55,196,1,
416,70,198,1,
417,15,176,4,
417,30,226,3,
417,55,6,1,
417,70,180,1,
418,30,185,2,
418,55,180,4,
418,75,227,3,
418,100,181,3,
419,30,179,2,
419,55,204,4,
419,75,228,3,
419,100,205,3,
420,30,186,2,
420,55,192,4,
420,75,229,3,
420,100,193,3,
421,30,185,2,
421,55,43,4,
421,75,229,3,
421,100,47,3,
422,30,191,2,
422,55,185,4,
422,75,229,3,
422,100,187,3,
423,15,190,2,
423,40,197,1,
423,65,33,3,
423,75,229,1,
424,15,183,2,
424,40,198,1,
424,65,186,3,
424,75,229,1,
425,15,42,2,
425,40,192,1,
425,65,197,3,
425,75,229,1,
426,15,38,4,
426,30,230,3,
426,55,195,1,
426,70,197,1,
427,15,26,4,
427,30,230,3,
427,55,189,1,
427,70,33,1,
428,30,191,2,
428,55,203,4,
428,75,231,3,
428,100,58,3,
429,30,57,2,
429,55,179,4,
429,75,231,3,
429,100,181,3,
430,30,180,2,
430,55,32,4,
430,75,231,3,
430,100,34,3,
431,15,29,2,
431,40,55,1,
431,65,192,3,
431,75,231,1,
432,15,177,2,
432,40,32,1,
432,65,180,3,
432,75,231,1,
433,15,53,2,
433,40,179,1,
433,65,55,3,
433,75,231,1,
434,15,2,4,
434,30,232,3,
434,55,6,1,
434,70,180,1,
435,15,25,4,
435,30,232,3,
435,55,189,1,
435,70,192,1,
436,30,55,2,
436,55,186,4,
436,75,233,3,
436,100,187,3,
437,30,31,2,
437,55,204,4,
437,75,234,3,
437,100,205,3,
438,30,8,2,
438,55,185,4,
438,75,235,3,
438,100,187,3,
439,30,45,2,
439,55,179,4,
439,75,235,3,
439,100,12,3,
440,30,21,2,
440,55,198,4,
440,75,235,3,
440,100,199,3,
441,15,5,2,
441,40,186,1,
441,65,9,3,
441,75,235,1,
442,15,40,2,
442,40,179,1,
442,65,43,3,
442,75,235,1,
443,15,17,2,
443,40,198,1,
443,65,21,3,
443,75,235,1,
444,15,15,4,
444,30,236,3,
444,55,184,1,
444,70,21,1,
445,15,1,4,
445,30,236,3,
445,55,177,1,
445,70,9,1,
446,30,55,2,
446,55,9,4,
446,75,237,3,
446,100,11,3,
447,30,179,2,
447,55,191,4,
447,75,237,3,
447,100,36,3,
448,30,192,2,
448,55,56,4,
448,75,237,3,
448,100,58,3,
449,15,190,2,
449,40,203,1,
449,65,32,3,
449,75,237,1,
450,15,6,2,
450,40,32,1,
450,65,179,3,
450,75,237,1,
451,15,202,2,
451,40,8,1,
451,65,203,3,
451,75,237,1,
452,15,200,4,
452,30,238,3,
452,55,53,1,
452,70,203,1,
453,15,188,4,
453,30,238,3,
453,55,189,1,
453,70,32,1,
454,30,180,2,
454,55,197,4,
454,75,239,3,
454,100,199,3,
455,30,203,2,
455,55,179,4,
455,75,240,3,
455,100,181,3,
456,30,203,2,
456,55,185,4,
456,75,241,3,
456,100,22,3,
457,30,44,2,
457,55,57,4,
457,75,241,3,
457,100,205,3,
458,30,21,2,
458,55,197,4,
458,75,241,3,
458,100,199,3,
459,15,54,2,
459,40,19,1,
459,65,204,3,
459,75,241,1,
460,15,18,2,
460,40,198,1,
460,65,19,3,
460,75,241,1,
461,15,42,2,
461,40,186,1,
461,65,44,3,
461,75,241,1,
462,15,194,4,
462,30,242,3,
462,55,196,1,
462,70,44,1,
463,15,51,4,
463,30,242,3,
463,55,201,1,
463,70,204,1,
464,30,204,2,
464,55,197,4,
464,75,199,3,
464,100,181,3,
465,30,203,2,
465,55,186,4,
465,75,187,3,
465,100,193,3,
466,30,198,2,
466,55,192,4,
466,75,193,3,
466,100,187,3,
467,30,191,2,
467,55,204,4,
467,75,205,3,
467,100,181,3,
468,30,204,2,
468,55,191,4,
468,75,193,3,
468,100,199,3,
469,30,21,2,
469,55,192,4,
469,75,243,3,
469,100,193,3,
470,30,32,2,
470,55,21,4,
470,75,243,3,
470,100,24,3,
471,30,191,2,
471,55,55,4,
471,75,243,3,
471,100,205,3,
472,15,202,2,
472,40,19,1,
472,65,204,3,
472,75,243,1,
473,15,28,2,
473,40,180,1,
473,65,32,3,
473,75,243,1,
474,15,16,2,
474,40,204,1,
474,65,186,3,
474,75,243,1,
475,15,14,4,
475,30,244,3,
475,55,183,1,
475,70,186,1,
476,15,188,4,
476,30,244,3,
476,55,189,1,
476,70,32,1,
477,30,180,2,
477,55,33,4,
477,75,245,3,
477,100,193,3,
478,30,197,2,
478,55,56,4,
478,75,246,3,
478,100,205,3,
479,30,20,2,
479,55,179,4,
479,75,247,3,
479,100,181,3,
480,30,192,2,
480,55,185,4,
480,75,248,3,
480,100,22,3,
481,30,43,2,
481,55,31,4,
481,75,248,3,
481,100,193,3,
482,30,186,2,
482,55,198,4,
482,75,248,3,
482,100,46,3,
483,15,190,2,
483,40,185,1,
483,65,192,3,
483,75,248,1,
484,15,184,2,
484,40,45,1,
484,65,20,3,
484,75,248,1,
485,15,196,2,
485,40,32,1,
485,65,45,3,
485,75,248,1,
486,15,194,4,
486,30,249,3,
486,55,41,1,
486,70,45,1,
487,15,26,4,
487,30,249,3,
487,55,30,1,
487,70,192,1,
488,15,182,4,
488,30,249,3,
488,55,18,1,
488,70,20,1,
489,30,180,2,
489,55,56,4,
489,75,250,3,
489,100,205,3,
490,30,192,2,
490,55,20,4,
490,75,251,3,
490,100,187,3,
491,30,185,2,
491,55,45,4,
491,75,252,3,
491,100,47,3,
492,30,9,2,
492,55,21,4,
492,75,252,3,
492,100,23,3,
493,30,197,2,
493,55,7,4,
493,75,252,3,
493,100,12,3,
494,15,195,2,
494,40,179,1,
494,65,198,3,
494,75,252,1,
495,15,183,2,
495,40,45,1,
495,65,185,3,
495,75,252,1,
496,15,178,2,
496,40,20,1,
496,65,179,3,
496,75,252,1,
497,15,194,4,
497,30,253,3,
497,55,40,1,
497,70,198,1,
498,15,182,4,
498,30,253,3,
498,55,17,1,
498,70,185,1,
499,30,8,2,
499,55,185,4,
499,75,254,3,
499,100,187,3,
500,30,186,2,
500,55,56,4,
500,75,254,3,
500,100,205,3,
501,30,204,2,
501,55,7,4,
501,75,254,3,
501,100,11,3,
502,15,202,2,
502,40,7,1,
502,65,204,3,
502,75,254,1,
503,15,4,2,
503,40,20,1,
503,65,180,3,
503,75,254,1,
504,15,184,2,
504,40,203,1,
504,65,20,3,
504,75,254,1,
505,15,50,4,
505,30,255,3,
505,55,201,1,
505,70,204,1,
506,15,15,4,
506,30,255,3,
506,55,17,1,
506,70,20,1,
507,30,185,2,
507,55,180,4,
507,75,181,3,
507,100,199,3,
508,30,203,2,
508,55,198,4,
508,75,199,3,
508,100,193,3,
509,30,198,2,
509,55,186,4,
509,75,187,3,
509,100,181,3,
510,30,180,2,
510,55,203,4,
510,75,205,3,
510,100,193,3,
511,30,7,2,
511,55,191,4,
511,75,256,3,
511,100,193,3,
512,30,186,2,
512,55,9,4,
512,75,257,3,
512,100,181,3,
513,30,20,2,
513,55,191,4,
513,75,257,3,
513,100,35,3,
514,30,8,2,
514,55,21,4,
514,75,257,3,
514,100,187,3,
515,15,29,2,
515,40,9,1,
515,65,33,3,
515,75,257,1,
516,15,183,2,
516,40,31,1,
516,65,186,3,
516,75,257,1,
517,15,5,2,
517,40,33,1,
517,65,180,3,
517,75,257,1,
518,15,176,4,
518,30,258,3,
518,55,177,1,
518,70,180,1,
519,15,27,4,
519,30,258,3,
519,55,189,1,
519,70,33,1,
520,30,192,2,
520,55,56,4,
520,75,259,3,
520,100,59,3,
521,30,197,2,
521,55,32,4,
521,75,259,3,
521,100,36,3,
522,30,203,2,
522,55,45,4,
522,75,259,3,
522,100,47,3,
523,15,195,2,
523,40,191,1,
523,65,197,3,
523,75,259,1,
524,15,202,2,
524,40,198,1,
524,65,203,3,
524,75,259,1,
525,15,28,2,
525,40,204,1,
525,65,191,3,
525,75,259,1,
526,15,39,4,
526,30,260,3,
526,55,42,1,
526,70,197,1,
527,15,51,4,
527,30,260,3,
527,55,53,1,
527,70,203,1,
528,30,43,2,
528,55,179,4,
528,75,261,3,
528,100,181,3,
529,30,8,2,
529,55,198,4,
529,75,262,3,
529,100,199,3,
530,30,204,2,
530,55,179,4,
530,75,262,3,
530,100,12,3,
531,30,197,2,
531,55,55,4,
531,75,262,3,
531,100,59,3,
532,15,42,2,
532,40,203,1,
532,65,45,3,
532,75,262,1,
533,15,202,2,
533,40,7,1,
533,65,203,3,
533,75,262,1,
534,15,4,2,
534,40,198,1,
534,65,8,3,
534,75,262,1,
535,15,194,4,
535,30,263,3,
535,55,195,1,
535,70,45,1,
536,15,49,4,
536,30,263,3,
536,55,53,1,
536,70,203,1,
537,15,2,4,
537,30,263,3,
537,55,177,1,
537,70,8,1,
538,30,32,2,
538,55,185,4,
538,75,264,3,
538,100,22,3,
539,30,7,2,
539,55,33,4,
539,75,264,3,
539,100,34,3,
540,30,21,2,
540,55,7,4,
540,75,264,3,
540,100,181,3,
541,15,190,2,
541,40,19,1,
541,65,192,3,
541,75,264,1,
542,15,16,2,
542,40,8,1,
542,65,21,3,
542,75,264,1,
543,15,5,2,
543,40,192,1,
543,65,179,3,
543,75,264,1,
544,15,176,4,
544,30,265,3,
544,55,178,1,
544,70,179,1,
545,15,27,4,
545,30,265,3,
545,55,29,1,
545,70,192,1,
546,30,186,2,
546,55,180,4,
546,75,181,3,
546,100,205,3,
547,30,198,2,
547,55,192,4,
547,75,193,3,
547,100,181,3,
548,30,179,2,
548,55,197,4,
548,75,199,3,
548,100,205,3,
549,30,204,2,
549,55,185,4,
549,75,187,3,
549,100,193,3,
550,30,43,2,
550,55,204,4,
550,75,266,3,
550,100,205,3,
551,30,192,2,
551,55,204,4,
551,75,267,3,
551,100,59,3,
552,30,56,2,
552,55,186,4,
552,75,267,3,
552,100,187,3,
553,30,186,2,
553,55,31,4,
553,75,267,3,
553,100,35,3,
554,15,53,2,
554,40,20,1,
554,65,56,3,
554,75,267,1,
555,15,18,2,
555,40,191,1,
555,65,19,3,
555,75,267,1,
556,15,189,2,
556,40,57,1,
556,65,191,3,
556,75,267,1,
557,15,27,4,
557,30,268,3,
557,55,28,1,
557,70,191,1,
558,15,50,4,
558,30,268,3,
558,55,202,1,
558,70,56,1,
559,15,182,4,
559,30,268,3,
559,55,184,1,
559,70,19,1,
560,30,19,2,
560,55,43,4,
560,75,269,3,
560,100,199,3,
561,30,203,2,
561,55,185,4,
561,75,269,3,
561,100,22,3,
562,30,198,2,
562,55,56,4,
562,75,269,3,
562,100,205,3,
563,15,41,2,
563,40,204,1,
563,65,197,3,
563,75,269,1,
564,15,16,2,
564,40,43,1,
564,65,19,3,
564,75,269,1,
565,15,201,2,
565,40,21,1,
565,65,204,3,
565,75,269,1,
566,15,13,4,
566,30,270,3,
566,55,183,1,
566,70,19,1,
567,15,194,4,
567,30,270,3,
567,55,196,1,
567,70,197,1,
568,30,44,2,
568,55,57,4,
568,75,271,3,
568,100,205,3,
569,30,9,2,
569,55,31,4,
569,75,272,3,
569,100,193,3,
570,30,7,2,
570,55,203,4,
570,75,273,3,
570,100,205,3,
571,30,31,2,
571,55,180,4,
571,75,273,3,
571,100,10,3,
572,30,204,2,
572,55,33,4,
572,75,273,3,
572,100,35,3,
573,15,54,2,
573,40,192,1,
573,65,56,3,
573,75,273,1,
574,15,190,2,
574,40,8,1,
574,65,192,3,
574,75,273,1,
575,15,4,2,
575,40,203,1,
575,65,7,3,
575,75,273,1,
576,15,200,4,
576,30,274,3,
576,55,201,1,
576,70,56,1,
577,15,26,4,
577,30,274,3,
577,55,30,1,
577,70,192,1,
578,30,197,2,
578,55,204,4,
578,75,205,3,
578,100,181,3,
579,30,180,2,
579,55,191,4,
579,75,193,3,
579,100,187,3,
580,30,185,2,
580,55,179,4,
580,75,181,3,
580,100,193,3,
581,30,191,2,
581,55,197,4,
581,75,199,3,
581,100,205,3,
582,30,45,2,
582,55,185,4,
582,75,275,3,
582,100,187,3,
583,30,7,2,
583,55,198,4,
583,75,275,3,
583,100,199,3,
584,30,186,2,
584,55,180,4,
584,75,275,3,
584,100,10,3,
585,15,183,2,
585,40,9,1,
585,65,186,3,
585,75,275,1,
586,15,196,2,
586,40,185,1,
586,65,45,3,
586,75,275,1,
587,15,6,2,
587,40,43,1,
587,65,9,3,
587,75,275,1,
588,15,38,4,
588,30,276,3,
588,55,42,1,
588,70,45,1,
589,15,14,4,
589,30,276,3,
589,55,16,1,
589,70,186,1,
590,30,197,2,
590,55,180,4,
590,75,277,3,
590,100,10,3,
591,30,186,2,
591,55,43,4,
591,75,278,3,
591,100,46,3,
592,30,198,2,
592,55,20,4,
592,75,279,3,
592,100,187,3,
593,30,185,2,
593,55,204,4,
593,75,279,3,
593,100,205,3,
594,30,57,2,
594,55,197,4,
594,75,279,3,
594,100,199,3,
595,15,195,2,
595,40,203,1,
595,65,44,3,
595,75,279,1,
596,15,52,2,
596,40,185,1,
596,65,57,3,
596,75,279,1,
597,15,184,2,
597,40,203,1,
597,65,186,3,
597,75,279,1,
598,15,37,4,
598,30,280,3,
598,55,40,1,
598,70,44,1,
599,15,49,4,
599,30,280,3,
599,55,202,1,
599,70,57,1,
600,30,191,2,
600,55,180,4,
600,75,281,3,
600,100,11,3,
601,30,20,2,
601,55,192,4,
601,75,281,3,
601,100,35,3,
602,30,203,2,
602,55,198,4,
602,75,281,3,
602,100,48,3,
603,30,9,2,
603,55,185,4,
603,75,281,3,
603,100,187,3,
604,30,45,2,
604,55,179,4,
604,75,282,3,
604,100,11,3,
605,30,192,2,
605,55,186,4,
605,75,282,3,
605,100,22,3,
606,30,7,2,
606,55,45,4,
606,75,282,3,
606,100,199,3,
607,30,21,2,
607,55,204,4,
607,75,282,3,
607,100,59,3,
608,30,197,2,
608,55,203,4,
608,75,282,3,
608,100,205,3,
609,30,191,2,
609,55,180,4,
609,75,283,3,
609,100,181,3,
610,30,204,2,
610,55,191,4,
610,75,283,3,
610,100,35,3,
611,30,198,2,
611,55,21,4,
611,75,283,3,
611,100,22,3,
612,30,8,2,
612,55,192,4,
612,75,283,3,
612,100,193,3,
613,30,203,2,
613,55,198,4,
613,75,284,3,
613,100,199,3,
614,30,19,2,
614,55,55,4,
614,75,284,3,
614,100,205,3,
615,30,179,2,
615,55,32,4,
615,75,284,3,
615,100,193,3,
616,30,43,2,
616,55,186,4,
616,75,284,3,
616,100,187,3,
617,30,192,2,
617,55,180,4,
617,75,285,3,
617,100,181,3,
618,30,180,2,
618,55,204,4,
618,75,285,3,
618,100,59,3,
619,30,186,2,
619,55,192,4,
619,75,285,3,
619,100,193,3,
620,30,55,2,
620,55,197,4,
620,75,285,3,
620,100,48,3,
621,30,32,2,
621,55,44,4,
621,75,286,3,
621,100,199,3,
622,30,186,2,
622,55,55,4,
622,75,287,3,
622,100,59,3,
623,30,180,2,
623,55,20,4,
623,75,288,3,
623,100,187,3,
624,30,186,2,
624,55,55,4,
624,75,288,3,
624,100,58,3,
625,30,204,2,
625,55,179,4,
625,75,288,3,
625,100,12,3,
626,15,6,2,
626,40,185,1,
626,65,7,3,
626,75,288,1,
627,15,184,2,
627,40,56,1,
627,65,186,3,
627,75,288,1,
628,15,201,2,
628,40,7,1,
628,65,204,3,
628,75,288,1,
629,15,176,4,
629,30,289,3,
629,55,178,1,
629,70,7,1,
630,15,15,4,
630,30,289,3,
630,55,18,1,
630,70,186,1,
631,30,186,2,
631,55,191,4,
631,75,290,3,
631,100,193,3,
632,30,180,2,
632,55,186,4,
632,75,290,3,
632,100,24,3,
633,30,31,2,
633,55,179,4,
633,75,290,3,
633,100,181,3,
634,15,177,2,
634,40,20,1,
634,65,180,3,
634,75,290,1,
635,15,184,2,
635,40,33,1,
635,65,21,3,
635,75,290,1,
636,15,29,2,
636,40,8,1,
636,65,33,3,
636,75,290,1,
637,15,188,4,
637,30,291,3,
637,55,189,1,
637,70,33,1,
638,15,176,4,
638,30,291,3,
638,55,5,1,
638,70,180,1,
639,30,185,2,
639,55,43,4,
639,75,293,3,
639,100,46,3,
640,30,57,2,
640,55,192,4,
640,75,294,3,
640,100,193,3,
641,30,191,2,
641,55,198,4,
641,75,294,3,
641,100,47,3,
642,30,198,2,
642,55,203,4,
642,75,294,3,
642,100,60,3,
643,15,189,2,
643,40,43,1,
643,65,191,3,
643,75,294,1,
644,15,42,2,
644,40,55,1,
644,65,44,3,
644,75,294,1,
645,15,54,2,
645,40,32,1,
645,65,55,3,
645,75,294,1,
646,15,188,4,
646,30,295,3,
646,55,30,1,
646,70,191,1,
647,15,38,4,
647,30,295,3,
647,55,196,1,
647,70,44,1,
648,30,20,2,
648,55,191,4,
648,75,296,3,
648,100,34,3,
649,30,203,2,
649,55,180,4,
649,75,297,3,
649,100,11,3,
650,30,185,2,
650,55,197,4,
650,75,298,3,
650,100,48,3,
651,30,204,2,
651,55,185,4,
651,75,298,3,
651,100,23,3,
652,30,45,2,
652,55,203,4,
652,75,298,3,
652,100,205,3,
653,15,183,2,
653,40,44,1,
653,65,19,3,
653,75,298,1,
654,15,195,2,
654,40,56,1,
654,65,44,3,
654,75,298,1,
655,15,52,2,
655,40,186,1,
655,65,204,3,
655,75,298,1,
656,15,194,4,
656,30,299,3,
656,55,42,1,
656,70,44,1,
657,15,182,4,
657,30,299,3,
657,55,17,1,
657,70,19,1,
658,30,20,2,
658,55,9,4,
658,75,300,3,
658,100,10,3,
659,30,8,2,
659,55,56,4,
659,75,300,3,
659,100,60,3,
660,30,204,2,
660,55,185,4,
660,75,300,3,
660,100,22,3,
661,15,201,2,
661,40,21,1,
661,65,204,3,
661,75,300,1,
662,15,16,2,
662,40,180,1,
662,65,20,3,
662,75,300,1,
663,15,6,2,
663,40,57,1,
663,65,180,3,
663,75,300,1,
664,15,200,4,
664,30,301,3,
664,55,54,1,
664,70,204,1,
665,15,176,4,
665,30,301,3,
665,55,178,1,
665,70,180,1,
666,15,13,4,
666,30,301,3,
666,55,184,1,
666,70,20,1,
667,30,198,2,
667,55,57,4,
667,75,302,3,
667,100,205,3,
668,30,33,2,
668,55,45,4,
668,75,303,3,
668,100,199,3,
669,30,180,2,
669,55,33,4,
669,75,304,3,
669,100,34,3,
670,30,19,2,
670,55,7,4,
670,75,304,3,
670,100,11,3,
671,30,191,2,
671,55,185,4,
671,75,304,3,
671,100,23,3,
672,15,177,2,
672,40,31,1,
672,65,180,3,
672,75,304,1,
673,15,28,2,
673,40,21,1,
673,65,191,3,
673,75,304,1,
674,15,16,2,
674,40,8,1,
674,65,21,3,
674,75,304,1,
675,15,176,4,
675,30,305,3,
675,55,6,1,
675,70,180,1,
676,15,26,4,
676,30,305,3,
676,55,190,1,
676,70,191,1,
677,30,197,2,
677,55,57,4,
677,75,306,3,
677,100,60,3,
678,30,31,2,
678,55,44,4,
678,75,306,3,
678,100,199,3,
679,30,203,2,
679,55,192,4,
679,75,306,3,
679,100,36,3,
680,15,190,2,
680,40,45,1,
680,65,33,3,
680,75,306,1,
681,15,202,2,
681,40,33,1,
681,65,203,3,
681,75,306,1,
682,15,196,2,
682,40,204,1,
682,65,197,3,
682,75,306,1,
683,15,51,4,
683,30,307,3,
683,55,52,1,
683,70,203,1,
684,15,39,4,
684,30,307,3,
684,55,41,1,
684,70,197,1,
685,15,188,4,
685,30,307,3,
685,55,28,1,
685,70,33,1,
686,30,192,2,
686,55,186,4,
686,75,308,3,
686,100,22,3,
687,30,19,2,
687,55,43,4,
687,75,309,3,
687,100,47,3,
688,30,185,2,
688,55,203,4,
688,75,310,3,
688,100,58,3,
689,30,56,2,
689,55,7,4,
689,75,310,3,
689,100,181,3,
690,30,180,2,
690,55,21,4,
690,75,310,3,
690,100,24,3,
691,15,202,2,
691,40,179,1,
691,65,56,3,
691,75,310,1,
692,15,17,2,
692,40,55,1,
692,65,185,3,
692,75,310,1,
693,15,5,2,
693,40,186,1,
693,65,179,3,
693,75,310,1,
694,15,1,4,
694,30,311,3,
694,55,177,1,
694,70,179,1,
695,15,50,4,
695,30,311,3,
695,55,53,1,
695,70,56,1,
696,30,186,2,
696,55,198,4,
696,75,312,3,
696,100,46,3,
697,30,32,2,
697,55,20,4,
697,75,312,3,
697,100,187,3,
698,30,198,2,
698,55,31,4,
698,75,312,3,
698,100,35,3,
699,15,40,2,
699,40,191,1,
699,65,197,3,
699,75,312,1,
700,15,17,2,
700,40,44,1,
700,65,186,3,
700,75,312,1,
701,15,189,2,
701,40,185,1,
701,65,191,3,
701,75,312,1,
702,15,188,4,
702,30,313,3,
702,55,28,1,
702,70,191,1,
703,15,14,4,
703,30,313,3,
703,55,16,1,
703,70,186,1,
704,30,186,2,
704,55,56,4,
704,75,314,3,
704,100,205,3,
705,30,44,2,
705,55,192,4,
705,75,315,3,
705,100,35,3,
706,30,179,2,
706,55,19,4,
706,75,316,3,
706,100,24,3,
707,30,204,2,
707,55,44,4,
707,75,317,3,
707,100,48,3,
708,30,8,2,
708,55,55,4,
708,75,317,3,
708,100,59,3,
709,30,198,2,
709,55,179,4,
709,75,317,3,
709,100,12,3,
710,15,4,2,
710,40,203,1,
710,65,9,3,
710,75,317,1,
711,15,201,2,
711,40,45,1,
711,65,204,3,
711,75,317,1,
712,15,195,2,
712,40,9,1,
712,65,198,3,
712,75,317,1,
713,15,194,4,
713,30,318,3,
713,55,40,1,
713,70,198,1,
714,15,1,4,
714,30,318,3,
714,55,177,1,
714,70,9,1,
715,30,191,2,
715,55,198,4,
715,75,319,3,
715,100,48,3,
716,30,43,2,
716,55,191,4,
716,75,320,3,
716,100,34,3,
717,30,44,2,
717,55,179,4,
717,75,321,3,
717,100,11,3,
718,30,9,2,
718,55,21,4,
718,75,321,3,
718,100,187,3,
719,30,186,2,
719,55,44,4,
719,75,321,3,
719,100,46,3,
720,15,18,2,
720,40,197,1,
720,65,185,3,
720,75,321,1,
721,15,42,2,
721,40,7,1,
721,65,197,3,
721,75,321,1,
722,15,4,2,
722,40,45,1,
722,65,9,3,
722,75,321,1,
723,15,15,4,
723,30,322,3,
723,55,183,1,
723,70,185,1,
724,15,39,4,
724,30,322,3,
724,55,195,1,
724,70,197,1,
725,30,191,2,
725,55,8,4,
725,75,323,3,
725,100,10,3,
726,30,179,2,
726,55,21,4,
726,75,323,3,
726,100,24,3,
727,30,186,2,
727,55,31,4,
727,75,323,3,
727,100,34,3,
728,15,177,2,
728,40,192,1,
728,65,180,3,
728,75,323,1,
729,15,190,2,
729,40,180,1,
729,65,192,3,
729,75,323,1,
730,15,183,2,
730,40,8,1,
730,65,186,3,
730,75,323,1,
731,15,176,4,
731,30,324,3,
731,55,6,1,
731,70,180,1,
732,15,13,4,
732,30,324,3,
732,55,16,1,
732,70,186,1,
733,30,185,2,
733,55,8,4,
733,75,325,3,
733,100,12,3,
734,30,7,2,
734,55,204,4,
734,75,326,3,
734,100,60,3,
735,30,203,2,
735,55,198,4,
735,75,326,3,
735,100,47,3,
736,30,198,2,
736,55,9,4,
736,75,326,3,
736,100,11,3,
737,15,177,2,
737,40,55,1,
737,65,179,3,
737,75,326,1,
738,15,196,2,
738,40,179,1,
738,65,43,3,
738,75,326,1,
739,15,52,2,
739,40,44,1,
739,65,203,3,
739,75,326,1,
740,15,2,4,
740,30,327,3,
740,55,5,1,
740,70,179,1,
741,15,194,4,
741,30,327,3,
741,55,40,1,
741,70,43,1,
742,30,198,2,
742,55,186,4,
742,75,328,3,
742,100,24,3,
743,30,186,2,
743,55,203,4,
743,75,328,3,
743,100,58,3,
744,30,204,2,
744,55,43,4,
744,75,328,3,
744,100,48,3,
745,15,53,2,
745,40,197,1,
745,65,55,3,
745,75,328,1,
746,15,40,2,
746,40,21,1,
746,65,198,3,
746,75,328,1,
747,15,184,2,
747,40,55,1,
747,65,185,3,
747,75,328,1,
748,15,51,4,
748,30,329,3,
748,55,52,1,
748,70,55,1,
749,15,13,4,
749,30,329,3,
749,55,17,1,
749,70,185,1,
750,30,45,2,
750,55,192,4,
750,75,330,3,
750,100,193,3,
751,30,179,2,
751,55,19,4,
751,75,361,3,
751,100,23,3,
752,30,31,2,
752,55,334,4,
752,75,361,3,
752,100,181,3,
753,30,185,2,
753,55,192,4,
753,75,361,3,
753,100,35,3,
754,15,183,2,
754,40,191,1,
754,65,186,3,
754,75,361,1,
755,15,29,2,
755,40,9,1,
755,65,31,3,
755,75,361,1,
756,15,332,2,
756,40,186,1,
756,65,9,3,
756,75,361,1,
757,15,188,4,
757,30,362,3,
757,55,189,1,
757,70,31,1,
758,15,331,4,
758,30,362,3,
758,55,5,1,
758,70,9,1,
759,30,192,2,
759,55,340,4,
759,75,363,3,
759,100,24,3,
760,30,43,2,
760,55,31,4,
760,75,363,3,
760,100,193,3,
761,30,185,2,
761,55,197,4,
761,75,363,3,
761,100,199,3,
762,15,30,2,
762,40,20,1,
762,65,192,3,
762,75,363,1,
763,15,338,2,
763,40,44,1,
763,65,185,3,
763,75,363,1,
764,15,41,2,
764,40,191,1,
764,65,43,3,
764,75,363,1,
765,15,25,4,
765,30,364,3,
765,55,189,1,
765,70,192,1,
766,15,37,4,
766,30,364,3,
766,55,196,1,
766,70,43,1,
767,30,203,2,
767,55,179,4,
767,75,365,3,
767,100,10,3,
768,30,44,2,
768,55,9,4,
768,75,366,3,
768,100,12,3,
769,30,179,2,
769,55,346,4,
769,75,366,3,
769,100,36,3,
770,30,31,2,
770,55,43,4,
770,75,366,3,
770,100,47,3,
771,15,344,2,
771,40,198,1,
771,65,32,3,
771,75,366,1,
772,15,178,2,
772,40,31,1,
772,65,179,3,
772,75,366,1,
773,15,41,2,
773,40,8,1,
773,65,198,3,
773,75,366,1,
774,15,343,4,
774,30,367,3,
774,55,190,1,
774,70,32,1,
775,15,176,4,
775,30,367,3,
775,55,4,1,
775,70,179,1,
776,30,8,2,
776,55,186,4,
776,75,368,3,
776,100,187,3,
777,30,185,2,
777,55,358,4,
777,75,368,3,
777,100,58,3,
778,30,55,2,
778,55,7,4,
778,75,368,3,
778,100,181,3,
779,15,17,2,
779,40,203,1,
779,65,185,3,
779,75,368,1,
780,15,6,2,
780,40,20,1,
780,65,179,3,
780,75,368,1,
781,15,356,2,
781,40,179,1,
781,65,55,3,
781,75,368,1,
782,15,2,4,
782,30,369,3,
782,55,177,1,
782,70,179,1,
783,15,355,4,
783,30,369,3,
783,55,201,1,
783,70,55,1,
784,30,197,2,
784,55,192,4,
784,75,370,3,
784,100,193,3,
785,30,31,2,
785,55,185,4,
785,75,371,3,
785,100,23,3,
786,30,57,2,
786,55,191,4,
786,75,372,3,
786,100,34,3,
787,30,32,2,
787,55,352,4,
787,75,372,3,
787,100,199,3,
788,30,197,2,
788,55,203,4,
788,75,372,3,
788,100,60,3,
789,15,53,2,
789,40,31,1,
789,65,56,3,
789,75,372,1,
790,15,189,2,
790,40,45,1,
790,65,32,3,
790,75,372,1,
791,15,350,2,
791,40,56,1,
791,65,197,3,
791,75,372,1,
792,15,349,4,
792,30,373,3,
792,55,195,1,
792,70,197,1,
793,15,27,4,
793,30,373,3,
793,55,190,1,
793,70,32,1,
794,30,198,2,
794,55,359,4,
794,75,374,3,
794,100,59,3,
795,30,204,2,
795,55,9,4,
795,75,374,3,
795,100,12,3,
796,30,179,2,
796,55,43,4,
796,75,374,3,
796,100,47,3,
797,15,40,2,
797,40,203,1,
797,65,198,3,
797,75,374,1,
798,15,357,2,
798,40,180,1,
798,65,204,3,
798,75,374,1,
799,15,4,2,
799,40,44,1,
799,65,180,3,
799,75,374,1,
800,15,176,4,
800,30,375,3,
800,55,177,1,
800,70,180,1,
801,15,355,4,
801,30,375,3,
801,55,54,1,
801,70,204,1,
802,30,191,2,
802,55,57,4,
802,75,376,3,
802,100,58,3,
803,30,198,2,
803,55,31,4,
803,75,377,3,
803,100,36,3,
804,30,192,2,
804,55,56,4,
804,75,378,3,
804,100,205,3,
805,30,204,2,
805,55,185,4,
805,75,378,3,
805,100,187,3,
806,30,19,2,
806,55,347,4,
806,75,378,3,
806,100,36,3,
807,15,16,2,
807,40,33,1,
807,65,19,3,
807,75,378,1,
808,15,345,2,
808,40,203,1,
808,65,192,3,
808,75,378,1,
809,15,202,2,
809,40,20,1,
809,65,203,3,
809,75,378,1,
810,15,15,4,
810,30,379,3,
810,55,183,1,
810,70,19,1,
811,15,200,4,
811,30,379,3,
811,55,53,1,
811,70,203,1,
812,30,359,2,
812,55,43,4,
812,75,381,3,
812,100,354,3,
813,30,335,2,
813,55,20,4,
813,75,385,3,
813,100,342,3,
814,30,353,2,
814,55,7,4,
814,75,384,3,
814,100,336,3,
815,30,347,2,
815,55,55,4,
815,75,386,3,
815,100,360,3,
816,30,335,2,
816,55,43,4,
816,75,380,3,
816,100,354,3,
817,30,346,2,
817,55,8,4,
817,75,380,3,
817,100,336,3,
818,30,340,2,
818,55,56,4,
818,75,381,3,
818,100,360,3,
819,30,352,2,
819,55,19,4,
819,75,382,3,
819,100,342,3,
820,30,359,2,
820,55,32,4,
820,75,382,3,
820,100,348,3,
821,30,341,2,
821,55,44,4,
821,75,384,3,
821,100,354,3,
822,30,358,2,
822,55,21,4,
822,75,386,3,
822,100,342,3,
823,30,353,2,
823,55,31,4,
823,75,385,3,
823,100,348,3,
824,30,346,2,
824,55,55,4,
824,75,383,3,
824,100,360,3,
825,30,341,2,
825,55,33,4,
825,75,382,3,
825,100,348,3,
826,30,358,2,
826,55,7,4,
826,75,381,3,
826,100,336,3,
827,30,347,2,
827,55,9,4,
827,75,385,3,
827,100,336,3,
828,30,334,2,
828,55,44,4,
828,75,383,3,
828,100,354,3,
829,30,334,2,
829,55,57,4,
829,75,380,3,
829,100,360,3,
830,30,352,2,
830,55,31,4,
830,75,384,3,
830,100,348,3,
831,30,340,2,
831,55,45,4,
831,75,383,3,
831,100,354,3,
832,30,346,2,
832,55,20,4,
832,75,386,3,
832,100,342,3,
833,30,180,2,
833,55,341,4,
833,75,387,3,
833,100,342,3,
834,30,185,2,
834,55,353,4,
834,75,388,3,
834,100,354,3,
835,30,197,2,
835,55,347,4,
835,75,389,3,
835,100,193,3,
836,30,180,2,
836,55,45,4,
836,75,389,3,
836,100,48,3,
837,30,191,2,
837,55,335,4,
837,75,389,3,
837,100,336,3,
838,15,29,2,
838,40,7,1,
838,65,191,3,
838,75,389,1,
839,15,333,2,
839,40,353,1,
839,65,7,3,
839,75,389,1,
840,15,195,2,
840,40,31,1,
840,65,353,3,
840,75,389,1,
841,15,38,4,
841,30,390,3,
841,55,42,1,
841,70,353,1,
842,15,26,4,
842,30,390,3,
842,55,345,1,
842,70,191,1,
843,30,55,2,
843,55,335,4,
843,75,391,3,
843,100,336,3,
844,30,20,2,
844,55,179,4,
844,75,336,3,
844,100,348,3,
845,30,32,2,
845,55,197,4,
845,75,354,3,
845,100,336,3,
846,30,21,2,
846,55,198,4,
846,75,354,3,
846,100,360,3,
847,30,43,2,
847,55,204,4,
847,75,360,3,
847,100,342,3,
848,30,180,2,
848,55,33,4,
848,75,392,3,
848,100,193,3,
849,15,28,2,
849,40,352,1,
849,65,191,3,
849,75,392,1,
850,15,25,4,
850,30,53,3,
850,55,189,1,
850,70,192,1,
851,15,343,4,
851,30,183,3,
851,55,344,1,
851,70,346,1,
852,30,352,2,
852,55,180,4,
852,75,393,3,
852,100,181,3,
853,30,203,2,
853,55,197,4,
853,75,393,3,
853,100,48,3,
854,30,9,2,
854,55,56,4,
854,75,393,3,
854,100,360,3,
855,15,41,2,
855,40,180,1,
855,65,352,3,
855,75,393,1,
856,15,6,2,
856,40,358,1,
856,65,334,3,
856,75,393,1,
857,15,357,2,
857,40,43,1,
857,65,358,3,
857,75,393,1,
858,15,51,4,
858,30,394,3,
858,55,53,1,
858,70,358,1,
859,15,194,4,
859,30,394,3,
859,55,196,1,
859,70,352,1,
860,30,20,2,
860,55,352,4,
860,75,395,3,
860,100,354,3,
861,30,180,2,
861,55,340,4,
861,75,396,3,
861,100,342,3,
862,30,21,2,
862,55,192,4,
862,75,397,3,
862,100,348,3,
863,30,8,2,
863,55,341,4,
863,75,397,3,
863,100,187,3,
864,30,347,2,
864,55,180,4,
864,75,397,3,
864,100,11,3,
865,15,339,2,
865,40,191,1,
865,65,185,3,
865,75,397,1,
866,15,345,2,
866,40,180,1,
866,65,347,3,
866,75,397,1,
867,15,178,2,
867,40,185,1,
867,65,335,3,
867,75,397,1,
868,15,182,4,
868,30,398,3,
868,55,18,1,
868,70,185,1,
869,15,331,4,
869,30,398,3,
869,55,5,1,
869,70,335,1,
870,30,45,2,
870,55,334,4,
870,75,399,3,
870,100,11,3,
871,30,179,2,
871,55,346,4,
871,75,400,3,
871,100,35,3,
872,30,33,2,
872,55,359,4,
872,75,401,3,
872,100,205,3,
873,30,185,2,
873,55,192,4,
873,75,401,3,
873,100,35,3,
874,30,56,2,
874,55,340,4,
874,75,401,3,
874,100,342,3,
875,15,357,2,
875,40,186,1,
875,65,56,3,
875,75,401,1,
876,15,29,2,
876,40,204,1,
876,65,346,3,
876,75,401,1,
877,15,339,2,
877,40,346,1,
877,65,186,3,
877,75,401,1,
878,15,200,4,
878,30,402,3,
878,55,202,1,
878,70,56,1,
879,15,27,4,
879,30,402,3,
879,55,189,1,
879,70,346,1,
880,30,335,2,
880,55,353,4,
880,75,403,3,
880,100,354,3,
881,30,359,2,
881,55,8,4,
881,75,403,3,
881,100,181,3,
882,30,198,2,
882,55,55,4,
882,75,403,3,
882,100,60,3,
883,15,195,2,
883,40,204,1,
883,65,198,3,
883,75,403,1,
884,15,53,2,
884,40,179,1,
884,65,359,3,
884,75,403,1,
885,15,332,2,
885,40,44,1,
885,65,179,3,
885,75,403,1,
886,15,37,4,
886,30,404,3,
886,55,351,1,
886,70,198,1,
887,15,355,4,
887,30,404,3,
887,55,356,1,
887,70,359,1,
888,30,43,2,
888,55,347,4,
888,75,405,3,
888,100,34,3,
889,30,8,2,
889,55,203,4,
889,75,406,3,
889,100,360,3,
890,30,197,2,
890,55,21,4,
890,75,407,3,
890,100,342,3,
891,30,191,2,
891,55,352,4,
891,75,407,3,
891,100,199,3,
892,30,340,2,
892,55,31,4,
892,75,407,3,
892,100,35,3,
893,15,351,2,
893,40,186,1,
893,65,197,3,
893,75,407,1,
894,15,184,2,
894,40,347,1,
894,65,340,3,
894,75,407,1,
895,15,344,2,
895,40,43,1,
895,65,347,3,
895,75,407,1,
896,15,27,4,
896,30,408,3,
896,55,28,1,
896,70,347,1,
897,15,337,4,
897,30,408,3,
897,55,338,1,
897,70,340,1,
898,30,341,2,
898,55,9,4,
898,75,409,3,
898,100,181,3,
899,30,31,2,
899,55,186,4,
899,75,409,3,
899,100,22,3,
900,30,334,2,
900,55,192,4,
900,75,409,3,
900,100,36,3,
901,15,183,2,
901,40,179,1,
901,65,341,3,
901,75,409,1,
902,15,4,2,
902,40,347,1,
902,65,334,3,
902,75,409,1,
903,15,345,2,
903,40,19,1,
903,65,347,3,
903,75,409,1,
904,15,343,4,
904,30,410,3,
904,55,189,1,
904,70,347,1,
905,15,337,4,
905,30,410,3,
905,55,16,1,
905,70,341,1,
906,30,20,2,
906,55,180,4,
906,75,411,3,
906,100,336,3,
907,30,43,2,
907,55,340,4,
907,75,412,3,
907,100,23,3,
908,30,56,2,
908,55,198,4,
908,75,413,3,
908,100,48,3,
909,30,9,2,
909,55,204,4,
909,75,360,3,
909,100,348,3,
910,30,43,2,
910,55,192,4,
910,75,348,3,
910,100,360,3,
911,30,20,2,
911,55,197,4,
911,75,354,3,
911,100,336,3,
912,30,33,2,
912,55,180,4,
912,75,336,3,
912,100,342,3,
913,30,43,2,
913,55,203,4,
913,75,414,3,
913,100,59,3,
914,30,346,2,
914,55,353,4,
914,75,414,3,
914,100,354,3,
915,30,358,2,
915,55,191,4,
915,75,414,3,
915,100,193,3,
916,15,195,2,
916,40,55,1,
916,65,197,3,
916,75,414,1,
917,15,345,2,
917,40,197,1,
917,65,346,3,
917,75,414,1,
918,15,357,2,
918,40,347,1,
918,65,358,3,
918,75,414,1,
919,15,349,4,
919,30,415,3,
919,55,351,1,
919,70,197,1,
920,15,355,4,
920,30,415,3,
920,55,54,1,
920,70,358,1,
921,30,341,2,
921,55,334,4,
921,75,416,3,
921,100,181,3,
922,30,335,2,
922,55,197,4,
922,75,417,3,
922,100,354,3,
923,30,359,2,
923,55,341,4,
923,75,418,3,
923,100,22,3,
924,30,335,2,
924,55,57,4,
924,75,418,3,
924,100,59,3,
925,30,186,2,
925,55,335,4,
925,75,418,3,
925,100,181,3,
926,15,183,2,
926,40,358,1,
926,65,340,3,
926,75,418,1,
927,15,177,2,
927,40,186,1,
927,65,179,3,
927,75,418,1,
928,15,356,2,
928,40,179,1,
928,65,358,3,
928,75,418,1,
929,15,182,4,
929,30,419,3,
929,55,338,1,
929,70,186,1,
930,15,355,4,
930,30,419,3,
930,55,202,1,
930,70,358,1,
931,30,7,,1
931,55,33,,1
931,75,348,,1
931,100,360,,1
932,30,56,,1
932,55,185,,1
932,75,342,,1
932,100,34,,1
933,30,179,,1
933,55,55,,1
933,75,360,,1
933,100,47,,1
934,30,44,,1
934,55,7,,1
934,75,336,,1
934,100,36,,1
935,30,334,,1
935,55,198,,1
935,75,イキシア,,1
935,100,199,,1
936,30,55,,1
936,55,335,,1
936,75,メモリー,,1
936,100,11,,1
937,30,180,,1
937,55,31,,1
937,75,メモリー,,1
937,100,348,,1
938,30,32,,1
938,55,358,,1
938,75,メモリー,,1
938,100,360,,1
939,15,333,,1
939,40,32,,1
939,65,335,,1
939,75,メモリー,,1
940,15,345,,1
940,40,358,,1
940,65,346,,1
940,75,メモリー,,1
941,15,202,,1
941,40,7,,1
941,65,55,,1
941,75,メモリー,,1
942,15,25,,1
942,30,星海,,1
942,55,345,,1
942,70,32,,1
943,15,200,,1
943,30,星舞,,1
943,55,202,,1
943,70,359,,1
944,30,20,,1
944,55,43,,1
944,75,鎮魂,,1
944,100,354,,1
945,30,197,,1
945,55,359,,1
945,75,鎮魂,,1
945,100,360,,1
946,30,358,,1
946,55,340,,1
946,75,鎮魂,,1
946,100,23,,1
947,15,338,,1
947,40,358,,1
947,65,20,,1
947,75,鎮魂,,1
948,15,356,,1
948,40,197,,1
948,65,359,,1
948,75,鎮魂,,1
949,15,40,,1
949,40,185,,1
949,65,353,,1
949,75,鎮魂,,1
950,15,194,,1
950,30,花冠,,1
950,55,350,,1
950,70,197,,1
951,15,13,,1
951,30,花冠,,1
951,55,184,,1
951,70,20,,1
952,30,7,,1
952,55,185,,1
952,75,リンドウ,,1
952,100,187,,1
953,30,31,,1
953,55,186,,1
953,75,342,,1
953,100,10,,1
954,30,43,,1
954,55,203,,1
954,75,360,,1
954,100,36,,1
955,30,9,,1
955,55,198,,1
955,75,354,,1
955,100,342,,1
956,30,21,,1
956,55,180,,1
956,75,336,,1
956,100,34,,1
957,30,33,,1
957,55,334,,1
957,75,花火,,1
957,100,10,,1
958,30,179,,1
958,55,353,,1
958,75,花火,,1
958,100,47,,1
959,30,45,,1
959,55,192,,1
959,75,花火,,1
959,100,193,,1
960,15,351,,1
960,40,33,,1
960,65,45,,1
960,75,花火,,1
961,15,333,,1
961,40,45,,1
961,65,179,,1
961,75,花火,,1
962,15,345,,1
962,40,8,,1
962,65,33,,1
962,75,花火,,1
963,15,349,,1
963,30,幼心,,1
963,55,350,,1
963,70,197,,1
964,15,188,,1
964,30,幼心,,1
964,55,190,,1
964,70,346,,1
965,30,56,,1
965,55,347,,1
965,75,ゼフィランサス,,1
965,100,348,,1
966,30,352,,1
966,55,192,,1
966,75,マリオネッタ,,1
966,100,35,,1
967,30,358,,1
967,55,352,,1
967,75,マリオネッタ,,1
967,100,46,,1
968,30,347,,1
968,55,358,,1
968,75,マリオネッタ,,1
968,100,205,,1
969,15,196,,1
969,40,358,,1
969,65,197,,1
969,75,マリオネッタ,,1
970,15,344,,1
970,40,352,,1
970,65,31,,1
970,75,マリオネッタ,,1
971,15,201,,1
971,40,347,,1
971,65,358,,1
971,75,マリオネッタ,,1
972,15,200,,1
972,30,使い魔,,1
972,55,文件:Tks 魅カ.png,,1
972,70,204,,1
973,15,194,,1
973,30,使い魔,,1
973,55,42,,1
973,70,352,,1
974,30,20,,1
974,55,192,,1
974,75,348,,1
974,100,354,,1
975,30,8,,1
975,55,198,,1
975,75,354,,1
975,100,59,,1
976,30,19,,1
976,55,204,,1
976,75,360,,1
976,100,336,,1
977,30,43,,1
977,55,185,,1
977,75,342,,1
977,100,60,,1
978,30,32,,1
978,55,179,,1
978,75,336,,1
978,100,24,,1
979,30,180,,1
979,55,185,,1
979,75,ロウバイ,,1
979,100,342,,1
980,30,346,,1
980,55,334,,1
980,75,カトレア,,1
980,100,181,,1
981,30,180,,1
981,55,340,,1
981,75,ミーティス,,1
981,100,342,,1
982,15,17,,1
982,40,347,,1
982,65,19,,1
982,75,ミーティス,,1
983,15,337,,1
983,30,202,,1
983,55,17,,1
983,70,186,,1
984,15,14,,1
984,30,40,,1
984,55,339,,1
984,70,19,,1
985,30,186,,1
985,55,56,,1
985,75,360,,1
985,100,35,,1
986,30,358,,1
986,55,8,,1
986,75,336,,1
986,100,34,,1
987,30,346,,1
987,55,45,,1
987,75,354,,1
987,100,181,,1
988,30,335,,1
988,55,31,,1
988,75,348,,1
988,100,23,,1
989,30,335,,1
989,55,43,,1
989,75,354,,1
989,100,59,,1
990,30,352,,1
990,55,192,,1
990,75,348,,1
990,100,22,,1
991,30,347,,1
991,55,20,,1
991,75,342,,1
991,100,60,,1
992,30,7,,1
992,55,347,,1
992,75,終夜,,1
992,100,34,,1
993,30,191,,1
993,55,341,,1
993,75,終夜,,1
993,100,24,,1
994,30,185,,1
994,55,9,,1
994,75,終夜,,1
994,100,181,,1
995,15,28,,1
995,40,185,,1
995,65,191,,1
995,75,終夜,,1
996,15,338,,1
996,40,335,,1
996,65,341,,1
996,75,終夜,,1
997,15,178,,1
997,40,31,,1
997,65,335,,1
997,75,終夜,,1
998,15,25,,1
998,30,里帰り,,1
998,55,345,,1
998,70,191,,1
999,15,331,,1
999,30,里帰り,,1
999,55,178,,1
999,70,335,,1
1000,30,9,,1
1000,55,198,,1
1000,75,トリカブト,,1
1000,100,354,,1
1001,30,56,,1
1001,55,340,,1
1001,75,ヒペリカム,,1
1001,100,22,,1
1002,30,192,,1
1002,55,203,,1
1002,75,メトゥス,,1
1002,100,60,,1
1003,15,356,,1
1003,40,57,,1
1003,65,359,,1
1003,75,メトゥス,,1
1004,15,51,,1
1004,30,17,,1
1004,55,52,,1
1004,70,203,,1
1005,15,51,,1
1005,30,17,,1
1005,55,52,,1
1005,70,203,,1
1006,30,20,,1
1006,55,347,,1
1006,75,空色,,1
1006,100,348,,1
1007,30,346,,1
1007,55,353,,1
1007,75,藍白,,1
1007,100,199,,1
1008,30,352,,1
1008,55,358,,1
1008,75,紺青,,1
1008,100,205,,1
1009,30,57,,1
1009,55,45,,1
1009,75,紺青,,1
1009,100,354,,1
1010,30,341,,1
1010,55,346,,1
1010,75,空色,,1
1010,100,193,,1
1011,30,7,,1
1011,55,359,,1
1011,75,瑠璃,,1
1011,100,360,,1
1012,30,33,,1
1012,55,9,,1
1012,75,藍白,,1
1012,100,336,,1
1013,30,358,,1
1013,55,33,,1
1013,75,濃紺,,1
1013,100,193,,1
1014,30,334,,1
1014,55,21,,1
1014,75,濃紺,,1
1014,100,187,,1
1015,30,352,,1
1015,55,20,,1
1015,75,藍白,,1
1015,100,187,,1
1016,30,359,,1
1016,55,8,,1
1016,75,空色,,1
1016,100,181,,1
1017,30,21,,1
1017,55,55,,1
1017,75,瑠璃,,1
1017,100,360,,1
1018,30,7,,1
1018,55,353,,1
1018,75,紺青,,1
1018,100,354,,1
1019,30,340,,1
1019,55,359,,1
1019,75,紺青,,1
1019,100,205,,1
1020,30,45,,1
1020,55,341,,1
1020,75,藍白,,1
1020,100,342,,1
1021,30,347,,1
1021,55,353,,1
1021,75,濃紺,,1
1021,100,199,,1
1022,30,340,,1
1022,55,7,,1
1022,75,空色,,1
1022,100,181,,1
1023,30,8,,1
1023,55,340,,1
1023,75,瑠璃,,1
1023,100,342,,1
1024,30,353,,1
1024,55,334,,1
1024,75,瑠璃,,1
1024,100,181,,1
1025,30,55,,1
1025,55,7,,1
1025,75,空色,,1
1025,100,336,,1
1026,30,9,,1
1026,55,346,,1
1026,75,濃紺,,1
1026,100,348,,1
1027,30,346,,1
1027,55,358,,1
1027,75,夜風,,1
1027,100,60,,1
1028,30,198,,1
1028,55,180,,1
1028,75,閃光,,1
1028,100,10,,1
1029,30,191,,1
1029,55,203,,1
1029,75,大冒険,,1
1029,100,58,,1
1030,30,359,,1
1030,55,335,,1
1030,75,大冒険,,1
1030,100,181,,1
1031,30,334,,1
1031,55,31,,1
1031,75,大冒険,,1
1031,100,348,,1
1032,15,178,,1
1032,40,191,,1
1032,65,335,,1
1032,75,大冒険,,1
1033,15,357,,1
1033,40,9,,1
1033,65,359,,1
1033,75,大冒険,,1
1034,15,189,,1
1034,40,359,,1
1034,65,191,,1
1034,75,大冒険,,1
1035,15,26,,1
1035,30,旅立ち,,1
1035,55,344,,1
1035,70,346,,1
1036,15,1,,1
1036,30,旅立ち,,1
1036,55,5,,1
1036,70,334,,1
1037,30,198,,1
1037,55,19,,1
1037,75,吹雪,,1
1037,100,24,,1
1038,30,341,,1
1038,55,191,,1
1038,75,吹雪,,1
1038,100,35,,1
1039,30,346,,1
1039,55,352,,1
1039,75,吹雪,,1
1039,100,199,,1
1040,15,350,,1
1040,40,346,,1
1040,65,198,,1
1040,75,吹雪,,1
1041,15,344,,1
1041,40,340,,1
1041,65,32,,1
1041,75,吹雪,,1
1042,15,338,,1
1042,40,352,,1
1042,65,340,,1
1042,75,吹雪,,1
1043,15,194,,1
1043,30,幻影,,1
1043,55,41,,1
1043,70,352,,1
1044,15,188,,1
1044,30,幻影,,1
1044,55,29,,1
1044,70,346,,1
1045,30,334,,1
1045,55,358,,1
1045,75,光芒,,1
1045,100,205,,1
1046,30,44,,1
1046,55,335,,1
1046,75,336,,1
1046,100,35,,1
1047,30,191,,1
1047,55,358,,1
1047,75,360,,1
1047,100,12,,1
1048,30,197,,1
1048,55,20,,1
1048,75,342,,1
1048,100,181,,1
1049,30,352,,1
1049,55,346,,1
1049,75,348,,1
1049,100,23,,1
1050,30,203,,1
1050,55,21,,1
1050,75,342,,1
1050,100,46,,1
1051,30,32,,1
1051,55,8,,1
1051,75,336,,1
1051,100,22,,1
1052,30,359,,1
1052,55,198,,1
1052,75,354,,1
1052,100,24,,1
1053,30,340,,1
1053,55,359,,1
1053,75,真意,,1
1053,100,205,,1
1054,30,204,,1
1054,55,353,,1
1054,75,真意,,1
1054,100,48,,1
1055,30,353,,1
1055,55,21,,1
1055,75,真意,,1
1055,100,24,,1
1056,15,201,,1
1056,40,353,,1
1056,65,204,,1
1056,75,真意,,1
1057,15,184,,1
1057,40,359,,1
1057,65,340,,1
1057,75,真意,,1
1058,15,40,,1
1058,40,186,,1
1058,65,197,,1
1058,75,真意,,1
1059,15,337,,1
1059,30,ヴァルシー,,1
1059,55,16,,1
1059,70,340,,1
1060,15,349,,1
1060,30,ヴァルシー,,1
1060,55,196,,1
1060,70,198,,1
1061,30,341,,1
1061,55,204,,1
1061,75,文件:Tks 紅焔.png,,1
1061,100,59,,1
1062,30,358,,1
1062,55,45,,1
1062,75,月夜,,1
1062,100,47,,1
1063,30,353,,1
1063,55,19,,1
1063,75,恋心,,1
1063,100,23,,1
1064,30,20,,1
1064,55,347,,1
1064,75,恋心,,1
1064,100,193,,1
1065,30,346,,1
1065,55,44,,1
1065,75,恋心,,1
1065,100,199,,1
1066,15,29,,1
1066,40,20,,1
1066,65,346,,1
1066,75,恋心,,1
1067,15,183,,1
1067,40,353,,1
1067,65,341,,1
1067,75,恋心,,1
1068,15,195,,1
1068,40,347,,1
1068,65,352,,1
1068,75,恋心,,1
1069,15,39,,1
1069,30,傷痕,,1
1069,55,195,,1
1069,70,353,,1
1070,15,26,,1
1070,30,傷痕,,1
1070,55,190,,1
1070,70,346,,1
1071,30,9,,1
1071,55,191,,1
1071,75,希望の星,,1
1071,100,34,,1
1072,30,56,,1
1072,55,340,,1
1072,75,微笑み,,1
1072,100,342,,1
1073,30,358,,1
1073,55,353,,1
1073,75,バディ,,1
1073,100,48,,1
1074,30,179,,1
1074,55,57,,1
1074,75,バディ,,1
1074,100,360,,1
1075,30,198,,1
1075,55,335,,1
1075,75,バディ,,1
1075,100,336,,1
1076,15,201,,1
1076,40,179,,1
1076,65,57,,1
1076,75,バディ,,1
1077,15,332,,1
1077,40,197,,1
1077,65,334,,1
1077,75,バディ,,1
1078,15,350,,1
1078,40,57,,1
1078,65,197,,1
1078,75,バディ,,1
1079,15,349,,1
1079,30,お守り,,1
1079,55,40,,1
1079,70,197,,1
1080,15,2,,1
1080,30,お守り,,1
1080,55,5,,1
1080,70,179,,1
1081,30,33,,1
1081,55,204,,1
1081,75,涙,,1
1081,100,60,,1
1082,30,55,,1
1082,55,9,,1
1082,75,涙,,1
1082,100,10,,1
1083,30,335,,1
1083,55,191,,1
1083,75,涙,,1
1083,100,35,,1
1084,15,189,,1
1084,40,335,,1
1084,65,191,,1
1084,75,涙,,1
1085,15,356,,1
1085,40,191,,1
1085,65,358,,1
1085,75,涙,,1
1086,15,332,,1
1086,40,55,,1
1086,65,335,,1
1086,75,涙,,1
1087,15,343,,1
1087,30,ラベンダー,,1
1087,55,189,,1
1087,70,32,,1
1088,15,51,,1
1088,30,ラベンダー,,1
1088,55,202,,1
1088,70,55,,1
1089,30,9,,1
1089,55,20,,1
1089,75,342,,1
1089,100,58,,1
1090,30,57,,1
1090,55,347,,1
1090,75,348,,1
1090,100,23,,1
1091,30,43,,1
1091,55,33,,1
1091,75,348,,1
1091,100,11,,1
1092,30,358,,1
1092,55,197,,1
1092,75,354,,1
1092,100,36,,1
1093,30,19,,1
1093,55,334,,1
1093,75,336,,1
1093,100,59,,1
1094,30,45,,1
1094,55,358,,1
1094,75,360,,1
1094,100,35,,1
1095,30,198,,1
1095,55,204,,1
1095,75,360,,1
1095,100,22,,1
1096,30,33,,1
1096,55,335,,1
1096,75,魔王,,1
1096,100,10,,1
1097,30,352,,1
1097,55,340,,1
1097,75,疾風,,1
1097,100,24,,1
1098,30,341,,1
1098,55,179,,1
1098,75,落月華,,1
1098,100,12,,1
1099,30,8,,1
1099,55,204,,1
1099,75,落月華,,1
1099,100,360,,1
1100,30,358,,1
1100,55,340,,1
1100,75,落月華,,1
1100,100,24,,1
1101,15,178,,1
1101,40,358,,1
1101,65,179,,1
1101,75,落月華,,1
1102,15,338,,1
1102,40,180,,1
1102,65,340,,1
1102,75,落月華,,1
1103,15,54,,1
1103,40,341,,1
1103,65,57,,1
1103,75,落月華,,1
1104,15,331,,1
1104,30,ファミリー,,1
1104,55,4,,1
1104,70,179,,1
1105,15,200,,1
1105,30,ファミリー,,1
1105,55,201,,1
1105,70,358,,1
1106,15,14,,1
1106,30,好奇心,,1
1106,55,17,,1
1106,70,20,,1
1107,30,45,,1
1107,55,340,,1
1107,75,ご主人様,,1
1107,100,342,,1
1108,30,341,,1
1108,55,198,,1
1108,75,ご主人様,,1
1108,100,199,,1
1109,15,337,,1
1109,30,執事,,1
1109,55,338,,1
1109,70,340,,1
1110,15,37,,1
1110,30,執事,,1
1110,55,196,,1
1110,70,198,,1
1111,30,203,,1
1111,55,185,,1
1111,75,絵空事,,1
1111,100,24,,1
1112,30,353,,1
1112,55,57,,1
1112,75,絵空事,,1
1112,100,60,,1
1113,30,20,,1
1113,55,197,,1
1113,75,絵空事,,1
1113,100,47,,1
1114,15,16,,1
1114,40,353,,1
1114,65,340,,1
1114,75,絵空事,,1
1115,15,202,,1
1115,40,185,,1
1115,65,203,,1
1115,75,絵空事,,1
1116,15,351,,1
1116,40,203,,1
1116,65,44,,1
1116,75,絵空事,,1
1117,15,39,,1
1117,30,ピエロ,,1
1117,55,196,,1
1117,70,353,,1
1118,15,355,,1
1118,30,ピエロ,,1
1118,55,357,,1
1118,70,203,,1
1119,30,179,,1
1119,55,352,,1
1119,75,苛烈,,1
1119,100,199,,1
1120,30,359,,1
1120,55,8,,1
1120,75,悠久,,1
1120,100,181,,1
1121,30,203,,1
1121,55,192,,1
1121,75,朝陽,,1
1121,100,348,,1
1122,30,57,,1
1122,55,341,,1
1122,75,火花,,1
1122,100,187,,1
1123,30,21,,1
1123,55,359,,1
1123,75,火花,,1
1123,100,360,,1
1124,15,355,,1
1124,30,稽古,,1
1124,55,201,,1
1124,70,57,,1
1125,15,182,,1
1125,30,稽古,,1
1125,55,18,,1
1125,70,21,,1
1126,30,347,,1
1126,55,43,,1
1126,75,木霊,,1
1126,100,199,,1
1127,30,197,,1
1127,55,203,,1
1127,75,木霊,,1
1127,100,360,,1
1128,30,55,,1
1128,55,346,,1
1128,75,木霊,,1
1128,100,193,,1
1129,15,350,,1
1129,40,192,,1
1129,65,352,,1
1129,75,木霊,,1
1130,15,356,,1
1130,40,346,,1
1130,65,204,,1
1130,75,木霊,,1
1131,15,344,,1
1131,40,197,,1
1131,65,347,,1
1131,75,木霊,,1
1132,15,49,,1
1132,30,研究,,1
1132,55,356,,1
1132,70,55,,1
1133,15,343,,1
1133,30,研究,,1
1133,55,345,,1
1133,70,347,,1
1134,30,55,,1
1134,55,185,,1
1134,75,朝雨,,1
1134,100,342,,1
1135,30,31,,1
1135,55,180,,1
1135,75,旅鳥,,1
1135,100,12,,1
1136,30,20,,1
1136,55,353,,1
1136,75,加護,,1
1136,100,354,,1
1137,30,198,,1
1137,55,347,,1
1137,75,加護,,1
1137,100,36,,1
1138,30,191,,1
1138,55,340,,1
1138,75,加護,,1
1138,100,187,,1
1139,15,350,,1
1139,40,20,,1
1139,65,353,,1
1139,75,加護,,1
1140,15,338,,1
1140,40,192,,1
1140,65,341,,1
1140,75,加護,,1
1141,15,189,,1
1141,40,45,,1
1141,65,191,,1
1141,75,加護,,1
1142,15,337,,1
1142,30,ノッツェ,,1
1142,55,184,,1
1142,70,20,,1
1143,15,39,,1
1143,30,ノッツェ,,1
1143,55,195,,1
1143,70,45,,1
1144,30,20,,1
1144,55,45,,1
1144,75,アラケル,,1
1144,100,199,,1
1145,15,42,,1
1145,40,57,,1
1145,65,352,,1
1145,75,アラケル,,1
1146,15,194,,1
1146,30,28,,1
1146,55,351,,1
1146,70,45,,1
1147,15,194,,1
1147,30,333,,1
1147,55,351,,1
1147,70,352,,1
1148,30,358,,1
1148,55,347,,1
1148,75,デザイナー,,1
1148,100,193,,1
1149,30,192,,1
1149,55,56,,1
1149,75,デザイナー,,1
1149,100,360,,1
1150,15,25,,1
1150,30,モデル,,1
1150,55,190,,1
1150,70,32,,1
1151,15,355,,1
1151,30,モデル,,1
1151,55,202,,1
1151,70,359,,1
1152,30,45,,1
1152,55,57,,1
1152,75,飛翔,,1
1152,100,205,,1
1153,30,197,,1
1153,55,341,,1
1153,75,星夜,,1
1153,100,342,,1
1154,30,340,,1
1154,55,204,,1
1154,75,星夜,,1
1154,100,205,,1
1155,30,358,,1
1155,55,197,,1
1155,75,星夜,,1
1155,100,47,,1
1156,15,339,,1
1156,40,57,,1
1156,65,340,,1
1156,75,星夜,,1
1157,15,40,,1
1157,40,341,,1
1157,65,43,,1
1157,75,星夜,,1
1158,15,52,,1
1158,40,197,,1
1158,65,358,,1
1158,75,星夜,,1
1159,15,39,,1
1159,30,体験,,1
1159,55,40,,1
1159,70,43,,1
1160,15,200,,1
1160,30,体験,,1
1160,55,356,,1
1160,70,204,,1
1161,30,186,,1
1161,55,346,,1
1161,75,勇姿,,1
1161,100,193,,1
1162,30,359,,1
1162,55,19,,1
1162,75,勇姿,,1
1162,100,23,,1
1163,30,31,,1
1163,55,359,,1
1163,75,勇姿,,1
1163,100,360,,1
1164,15,339,,1
1164,30,31,,1
1164,55,185,,1
1164,70,勇姿,,1
1165,15,357,,1
1165,30,186,,1
1165,55,203,,1
1165,70,勇姿,,1
1166,15,345,,1
1166,40,204,,1
1166,65,31,,1
1166,75,勇姿,,1
1167,15,337,,1
1167,30,人助け,,1
1167,55,16,,1
1167,70,186,,1
1168,15,51,,1
1168,30,人助け,,1
1168,55,357,,1
1168,70,359,,1
1169,30,340,,1
1169,55,180,,1
1169,75,運命共同体,,1
1169,100,10,,1
1170,30,8,,1
1170,55,341,,1
1170,75,運命共同体,,1
1170,100,342,,1
1171,15,331,,1
1171,30,捜査,,1
1171,55,178,,1
1171,70,9,,1
1172,15,337,,1
1172,30,捜査,,1
1172,55,339,,1
1172,70,185,,1
1173,30,340,,1
1173,55,56,,1
1173,75,不撓,,1
1173,100,58,,1
1174,30,33,,1
1174,55,334,,1
1174,75,ウォルプタース,,1
1174,100,181,,1
1175,15,332,,1
1175,40,353,,1
1175,65,335,,1
1175,75,ウォルプタース,,1
1176,15,2,,1
1176,30,356,,1
1176,55,4,,1
1176,70,179,,1
1177,15,2,,1
1177,30,184,,1
1177,55,4,,1
1177,70,335,,1
1178,30,352,,1
1178,55,335,,1
1178,75,紅蓮,,1
1178,100,181,,1
1179,30,180,,1
1179,55,204,,1
1179,75,紅蓮,,1
1179,100,59,,1
1180,30,57,,1
1180,55,44,,1
1180,75,紅蓮,,1
1180,100,47,,1
1181,15,202,,1
1181,40,352,,1
1181,65,359,,1
1181,75,紅蓮,,1
1182,15,42,,1
1182,40,334,,1
1182,65,352,,1
1182,75,紅蓮,,1
1183,15,332,,1
1183,40,57,,1
1183,65,334,,1
1183,75,紅蓮,,1
1184,15,50,,1
1184,30,マグマ,,1
1184,55,356,,1
1184,70,57,,1
1185,15,39,,1
1185,30,マグマ,,1
1185,55,195,,1
1185,70,352,,1
1186,30,191,,1
1186,55,340,,1
1186,75,夕影,,1
1186,100,342,,1
1187,30,192,,1
1187,55,44,,1
1187,75,猫耳,,1
1187,100,199,,1
1188,30,20,,1
1188,55,347,,1
1188,75,猫耳,,1
1188,100,348,,1
1189,30,197,,1
1189,55,21,,1
1189,75,猫耳,,1
1189,100,22,,1
1190,15,351,,1
1190,40,341,,1
1190,65,197,,1
1190,75,猫耳,,1
1191,15,184,,1
1191,40,192,,1
1191,65,21,,1
1191,75,猫耳,,1
1192,15,345,,1
1192,40,197,,1
1192,65,346,,1
1192,75,猫耳,,1
1193,15,14,,1
1193,30,尻尾,,1
1193,55,339,,1
1193,70,341,,1
1194,15,26,,1
1194,30,尻尾,,1
1194,55,344,,1
1194,70,192,,1
1195,30,198,,1
1195,55,8,,1
1195,75,ダリア,,1
1195,100,336,,1
1196,30,192,,1
1196,55,43,,1
1196,75,ダリア,,1
1196,100,47,,1
1197,30,335,,1
1197,55,347,,1
1197,75,ダリア,,1
1197,100,35,,1
1198,15,5,,1
1198,40,347,,1
1198,65,335,,1
1198,75,ダリア,,1
1199,15,345,,1
1199,40,198,,1
1199,65,33,,1
1199,75,ダリア,,1
1200,15,42,,1
1200,40,180,,1
1200,65,352,,1
1200,75,ダリア,,1
1201,15,349,,1
1201,30,鳥籠,,1
1201,55,42,,1
1201,70,198,,1
1202,15,343,,1
1202,30,鳥籠,,1
1202,55,345,,1
1202,70,33,,1
1204,30,347,,1
1204,55,198,,1
1204,75,黎明,,1
1204,100,47,,1
1205,30,186,,1
1205,55,358,,1
1205,75,一夜,,1
1205,100,58,,1
1206,30,21,,1
1206,55,31,,1
1206,75,星霜,,1
1206,100,193,,1
1207,30,346,,1
1207,55,341,,1
1207,75,星霜,,1
1207,100,187,,1
1208,15,26,,1
1208,30,幼子,,1
1208,55,189,,1
1208,70,347,,1
1209,15,14,,1
1209,30,幼子,,1
1209,55,184,,1
1209,70,340,,1
1210,30,197,,1
1210,55,340,,1
1210,75,神様,,1
1210,100,23,,1
1211,30,56,,1
1211,55,198,,1
1211,75,神様,,1
1211,100,354,,1
1212,30,186,,1
1212,55,359,,1
1212,75,神様,,1
1212,100,58,,1
1213,15,351,,1
1213,40,186,,1
1213,65,352,,1
1213,75,神様,,1
1214,15,54,,1
1214,40,186,,1
1214,65,359,,1
1214,75,神様,,1
1215,15,184,,1
1215,40,197,,1
1215,65,341,,1
1215,75,神様,,1
1216,15,38,,1
1216,30,彫刻,,1
1216,55,40,,1
1216,70,197,,1
1217,15,337,,1
1217,30,彫刻,,1
1217,55,339,,1
1217,70,186,,1
1218,30,334,,1
1218,55,346,,1
1218,75,蹂躙,,1
1218,100,34,,1
1219,30,341,,1
1219,55,204,,1
1219,75,菫星,,1
1219,100,58,,1
1220,30,352,,1
1220,55,203,,1
1220,75,十六夜,,1
1220,100,59,,1
1221,30,185,,1
1221,55,180,,1
1221,75,十六夜,,1
1221,100,336,,1
1222,30,353,,1
1222,55,346,,1
1222,75,十六夜,,1
1222,100,36,,1
1223,30,346,,1
1223,55,335,,1
1223,75,十六夜,,1
1223,100,10,,1
1224,30,198,,1
1224,55,341,,1
1224,75,新月,,1
1224,100,342,,1
1225,30,358,,1
1225,55,347,,1
1225,75,新月,,1
1225,100,348,,1
1226,30,347,,1
1226,55,185,,1
1226,75,新月,,1
1226,100,342,,1
1227,30,341,,1
1227,55,180,,1
1227,75,新月,,1
1227,100,10,,1
1228,30,180,,1
1228,55,352,,1
1228,75,新月,,1
1228,100,354,,1
1229,30,353,,1
1229,55,191,,1
1229,75,三日月,,1
1229,100,36,,1
1230,30,340,,1
1230,55,358,,1
1230,75,三日月,,1
1230,100,360,,1
1231,30,359,,1
1231,55,198,,1
1231,75,三日月,,1
1231,100,46,,1
1232,30,346,,1
1232,55,335,,1
1232,75,三日月,,1
1232,100,336,,1
1233,30,335,,1
1233,55,341,,1
1233,75,満月,,1
1233,100,24,,1
1234,30,334,,1
1234,55,198,,1
1234,75,満月,,1
1234,100,354,,1
1235,30,203,,1
1235,55,341,,1
1235,75,満月,,1
1235,100,342,,1
1236,30,353,,1
1236,55,358,,1
1236,75,満月,,1
1236,100,59,,1
1237,30,185,,1
1237,55,346,,1
1237,75,半月,,1
1237,100,348,,1
1238,30,335,,1
1238,55,198,,1
1238,75,半月,,1
1238,100,46,,1
1239,30,352,,1
1239,55,340,,1
1239,75,半月,,1
1239,100,24,,1
1240,30,191,,1
1240,55,203,,1
1240,75,半月,,1
1240,100,360,,1
1241,30,191,,1
1241,55,7,,1
1241,75,着替え,,1
1241,100,10,,1
1242,30,7,,1
1242,55,197,,1
1242,75,寝言,,1
1242,100,354,,1
1243,30,335,,1
1243,55,57,,1
1243,75,欲望,,1
1243,100,360,,1
1244,30,203,,1
1244,55,33,,1
1244,75,欲望,,1
1244,100,36,,1
1245,30,192,,1
1245,55,179,,1
1245,75,欲望,,1
1245,100,11,,1
1246,15,356,,1
1246,40,31,,1
1246,65,203,,1
1246,75,欲望,,1
1247,15,333,,1
1247,40,203,,1
1247,65,335,,1
1247,75,欲望,,1
1248,15,345,,1
1248,40,335,,1
1248,65,192,,1
1248,75,欲望,,1
1249,15,355,,1
1249,30,リボン,,1
1249,55,201,,1
1249,70,56,,1
1250,15,25,,1
1250,30,リボン,,1
1250,55,344,,1
1250,70,192,,1
1251,30,45,,1
1251,55,185,,1
1251,75,珈琲,,1
1251,100,342,,1
1252,30,334,,1
1252,55,19,,1
1252,75,紅茶,,1
1252,100,23,,1
1253,30,340,,1
1253,55,204,,1
1253,75,紅茶,,1
1253,100,205,,1
1254,30,56,,1
1254,55,180,,1
1254,75,紅茶,,1
1254,100,181,,1
1255,15,339,,1
1255,40,55,,1
1255,65,340,,1
1255,75,紅茶,,1
1256,15,178,,1
1256,40,186,,1
1256,65,335,,1
1256,75,紅茶,,1
1257,15,356,,1
1257,40,334,,1
1257,65,55,,1
1257,75,紅茶,,1
1258,35,355,,1
1258,45,ゲーム,,1
1258,55,356,,1
1258,70,55,,1
1259,35,2,,1
1259,45,ゲーム,,1
1259,55,177,,1
1259,70,334,,1
1260,30,346,,1
1260,55,180,,1
1260,75,料理,,1
1260,100,10,,1
1261,30,186,,1
1261,55,346,,1
1261,75,料理,,1
1261,100,36,,1
1262,30,335,,1
1262,55,340,,1
1262,75,料理,,1
1262,100,24,,1
1263,15,178,,1
1263,40,346,,1
1263,65,334,,1
1263,75,料理,,1
1264,15,344,,1
1264,40,186,,1
1264,65,192,,1
1264,75,料理,,1
1265,15,184,,1
1265,40,334,,1
1265,65,20,,1
1265,75,料理,,1
1266,35,331,,1
1266,45,レストラン,,1
1266,55,178,,1
1266,70,180,,1
1267,35,337,,1
1267,45,レストラン,,1
1267,55,339,,1
1267,70,186,,1
1268,30,346,,1
1268,55,197,,1
1268,75,寝相,,1
1268,100,46,,1
1269,30,353,,1
1269,55,56,,1
1269,75,ドッキリ,,1
1269,100,59,,1
1270,30,180,,1
1270,55,359,,1
1270,75,待ち人,,1
1270,100,360,,1
1271,30,358,,1
1271,55,197,,1
1271,75,待ち人,,1
1271,100,199,,1
1272,30,44,,1
1272,55,7,,1
1272,75,待ち人,,1
1272,100,10,,1
1273,15,196,,1
1273,40,180,,1
1273,65,352,,1
1273,75,待ち人,,1
1274,15,53,,1
1274,40,44,,1
1274,65,358,,1
1274,75,待ち人,,1
1275,15,333,,1
1275,40,55,,1
1275,65,334,,1
1275,75,待ち人,,1
1276,35,37,,1
1276,45,チョコチップ,,1
1276,55,41,,1
1276,70,197,,1
1277,35,1,,1
1277,45,チョコチップ,,1
1277,55,178,,1
1277,70,180,,1
1278,30,346,,1
1278,55,353,,1
1278,75,奉仕,,1
1278,100,199,,1
1279,30,197,,1
1279,55,347,,1
1279,75,奉仕,,1
1279,100,35,,1
1280,35,349,,1
1280,45,個人主義,,1
1280,55,42,,1
1280,70,197,,1
1281,35,343,,1
1281,45,個人主義,,1
1281,55,29,,1
1281,70,346,,1
1282,30,359,,1
1282,55,43,,1
1282,75,身だしなみ,,1
1282,100,354,,1
1283,30,198,,1
1283,55,347,,1
1283,75,寝癖,,1
1283,100,36,,1
1284,30,340,,1
1284,55,43,,1
1284,75,青空,,1
1284,100,199,,1
1285,30,347,,1
1285,55,186,,1
1285,75,青空,,1
1285,100,22,,1
1286,30,352,,1
1286,55,31,,1
1286,75,青空,,1
1286,100,348,,1
1287,15,351,,1
1287,40,192,,1
1287,65,44,,1
1287,75,青空,,1
1288,15,344,,1
1288,40,186,,1
1288,65,347,,1
1288,75,青空,,1
1289,15,183,,1
1289,40,44,,1
1289,65,341,,1
1289,75,青空,,1
1290,35,337,,1
1290,45,お返し,,1
1290,55,18,,1
1290,70,340,,1
1291,35,27,,1
1291,45,お返し,,1
1291,55,189,,1
1291,70,347,,1
1292,30,7,,1
1292,55,55,,1
1292,75,花昼,,1
1292,100,58,,1
1293,30,359,,1
1293,55,335,,1
1293,75,花昼,,1
1293,100,336,,1
1294,35,176,,1
1294,45,春宵,,1
1294,55,332,,1
1294,70,180,,1
1295,35,355,,1
1295,45,春宵,,1
1295,55,356,,1
1295,70,57,,1
1296,30,334,,1
1296,55,359,,1
1296,75,洗顔,,1
1296,100,60,,1
1297,30,334,,1
1297,55,353,,1
1297,75,朝景色,,1
1297,100,354,,1
1298,30,197,,1
1298,55,33,,1
1298,75,芸能人,,1
1298,100,34,,1
1299,30,347,,1
1299,55,186,,1
1299,75,芸能人,,1
1299,100,23,,1
1300,30,340,,1
1300,55,197,,1
1300,75,芸能人,,1
1300,100,48,,1
1301,15,351,,1
1301,40,186,,1
1301,65,353,,1
1301,75,芸能人,,1
1302,15,344,,1
1302,40,353,,1
1302,65,192,,1
1302,75,芸能人,,1
1303,15,339,,1
1303,40,347,,1
1303,65,20,,1
1303,75,芸能人,,1
1304,35,25,,1
1304,45,交差点,,1
1304,55,190,,1
1304,70,33,,1
1305,35,349,,1
1305,45,交差点,,1
1305,55,351,,1
1305,70,352,,1
1306,30,358,,1
1306,55,7,,1
1306,75,救世主,,1
1306,100,336,,1
1307,30,335,,1
1307,55,346,,1
1307,75,救世主,,1
1307,100,34,,1
1308,30,192,,1
1308,55,359,,1
1308,75,救世主,,1
1308,100,205,,1
1309,15,345,,1
1309,40,358,,1
1309,65,346,,1
1309,75,救世主,,1
1310,15,52,,1
1310,40,9,,1
1310,65,56,,1
1310,75,救世主,,1
1311,15,332,,1
1311,40,192,,1
1311,65,335,,1
1311,75,救世主,,1
1312,35,25,,1
1312,45,ブランコ,,1
1312,55,345,,1
1312,70,32,,1
1313,35,49,,1
1313,45,ブランコ,,1
1313,55,202,,1
1313,70,358,,1
1314,35,194,,1
1314,45,338,,1
1314,55,41,,1
1314,70,353,,1
1315,30,197,,1
1315,55,8,,1
1315,75,再会,,1
1315,100,336,,1
1316,30,335,,1
1316,55,57,,1
1316,75,再会,,1
1316,100,58,,1
1317,30,56,,1
1317,55,352,,1
1317,75,再会,,1
1317,100,199,,1
1318,15,357,,1
1318,40,43,,1
1318,65,57,,1
1318,75,再会,,1
1319,15,333,,1
1319,40,57,,1
1319,65,335,,1
1319,75,再会,,1
1320,15,350,,1
1320,40,7,,1
1320,65,43,,1
1320,75,再会,,1
1321,35,2,,1
1321,45,身代わり,,1
1321,55,177,,1
1321,70,335,,1
1322,35,355,,1
1322,45,身代わり,,1
1322,55,357,,1
1322,70,203,,1
1323,30,19,,1
1323,55,55,,1
1323,75,添い寝,,1
1323,100,205,,1
1324,30,8,,1
1324,55,353,,1
1324,75,挨拶,,1
1324,100,199,,1
1325,30,45,,1
1325,55,186,,1
1325,75,早朝,,1
1325,100,22,,1
1326,30,347,,1
1326,55,179,,1
1326,75,おおきに,,1
1326,100,11,,1
1327,30,334,,1
1327,55,197,,1
1327,75,おおきに,,1
1327,100,48,,1
1328,30,44,,1
1328,55,346,,1
1328,75,おおきに,,1
1328,100,34,,1
1329,15,28,,1
1329,40,335,,1
1329,65,192,,1
1329,75,おおきに,,1
1330,15,351,,1
1330,40,347,,1
1330,65,353,,1
1330,75,おおきに,,1
1331,15,332,,1
1331,40,197,,1
1331,65,334,,1
1331,75,おおきに,,1
1332,35,26,,1
1332,45,異世界,,1
1332,55,190,,1
1332,70,347,,1
1333,35,3,,1
1333,45,異世界,,1
1333,55,178,,1
1333,70,334,,1
1335,30,198,,1
1335,55,346,,1
1335,75,寝起き,,1
1335,100,34,,1
1336,30,341,,1
1336,55,353,,1
1336,75,朝活,,1
1336,100,48,,1
1337,30,8,,1
1337,55,203,,1
1337,75,祝言,,1
1337,100,205,,1
1338,30,203,,1
1338,55,33,,1
1338,75,祝言,,1
1338,100,34,,1
1339,30,191,,1
1339,55,179,,1
1339,75,祝言,,1
1339,100,10,,1
1340,15,29,,1
1340,40,335,,1
1340,65,192,,1
1340,75,祝言,,1
1341,15,177,,1
1341,40,204,,1
1341,65,8,,1
1341,75,祝言,,1
1342,15,357,,1
1342,40,191,,1
1342,65,204,,1
1342,75,祝言,,1
1343,35,355,,1
1343,45,暴食,,1
1343,55,52,,1
1343,70,204,,1
1344,35,343,,1
1344,45,暴食,,1
1344,55,344,,1
1344,70,191,,1
1345,30,43,,1
1345,55,21,,1
1345,75,子育て,,1
1345,100,187,,1
1346,30,341,,1
1346,55,347,,1
1346,75,子育て,,1
1346,100,34,,1
1347,30,347,,1
1347,55,353,,1
1347,75,子育て,,1
1347,100,47,,1
1348,15,30,,1
1348,40,45,,1
1348,65,192,,1
1348,75,子育て,,1
1349,15,351,,1
1349,40,20,,1
1349,65,45,,1
1349,75,子育て,,1
1350,15,338,,1
1350,40,31,,1
1350,65,341,,1
1350,75,子育て,,1
1351,35,194,,1
1351,45,お世話,,1
1351,55,196,,1
1351,70,45,,1
1352,35,15,,1
1352,45,お世話,,1
1352,55,339,,1
1352,70,341,,1